	Fun.1.H.A.K	Fun.1.H.A.L	Fun.1.H.A.M	Fun.1.H.B.K	Fun.1.H.B.L	Fun.1.H.B.M	Fun.1.H.C.K	Fun.1.H.C.L	Fun.1.H.C.M	Fun.1.H.D.K	Fun.1.H.D.L	Fun.1.H.D.M	Fun.1.P.A.K	Fun.1.P.A.L	Fun.1.P.A.M	Fun.1.P.B.K	Fun.1.P.B.L	Fun.1.P.B.M	Fun.1.P.C.K	Fun.1.P.C.L	Fun.1.P.C.M	Fun.1.P.D.K	Fun.1.P.D.L	Fun.1.P.D.M	Fun.2.H.A.K	Fun.2.H.A.L	Fun.2.H.A.M	Fun.2.H.B.K	Fun.2.H.B.L	Fun.2.H.B.M	Fun.2.H.C.K	Fun.2.H.C.L	Fun.2.H.C.M	Fun.2.H.D.K	Fun.2.H.D.L	Fun.2.H.D.M	Fun.2.P.A.K	Fun.2.P.A.L	Fun.2.P.A.M	Fun.2.P.B.K	Fun.2.P.B.L	Fun.2.P.B.M	Fun.2.P.C.K	Fun.2.P.C.L	Fun.2.P.C.M	Fun.2.P.D.K	Fun.2.P.D.L	Fun.2.P.D.M	Fun.3.H.A.K	Fun.3.H.A.L	Fun.3.H.A.M	Fun.3.H.B.K	Fun.3.H.B.L	Fun.3.H.B.M	Fun.3.H.C.K	Fun.3.H.C.L	Fun.3.H.C.M	Fun.3.H.D.K	Fun.3.H.D.L	Fun.3.H.D.M	Fun.3.P.A.K	Fun.3.P.A.L	Fun.3.P.A.M	Fun.3.P.B.K	Fun.3.P.B.L	Fun.3.P.B.M	Fun.3.P.C.K	Fun.3.P.C.L	Fun.3.P.C.M	Fun.3.P.D.K	Fun.3.P.D.L	Fun.3.P.D.M
Fun.1.H.A.K	0.0	23.859532450103472	26.31214416735595	29.933176419632566	22.305659781643875	27.55213663569557	22.65112842614422	26.918631531998177	28.19026403233716	24.927797144773265	27.87252835993256	25.315399134993342	25.159273459941712	28.10180660204505	26.757718443430843	29.339105252181028	25.109773845486476	26.640130383077896	25.444790797440533	29.28127479294861	25.552270569118367	28.38912137135948	26.97262581582621	30.38804953815364	24.32521332489316	24.235474957716153	24.520338476828208	25.463714948515978	25.590979135881526	25.179762242479256	23.393881026488653	28.10319676412631	24.537525581866706	25.257932414633288	24.247250905295825	28.249220847596547	20.519397799964512	21.470284315511453	23.644812143390233	25.861963812648423	24.39064470051466	24.636819377769466	24.284468856801766	24.618674966770115	25.693224370492214	27.848870354810217	25.661547389190726	26.201748127162066	23.185631491631728	25.604555396024114	25.53297366749526	27.121883682002945	24.430419861963465	24.577567615456534	25.064207566285308	25.60584114721688	25.869220692849456	25.616358156353527	31.829002946304467	25.15614556894188	25.074051795566312	26.740311866536032	24.132496464726824	27.60758417964306	24.227293095665164	23.6369412731266	26.642940879855608	26.842161519392093	23.77929407476151	26.272212895016114	26.34004576481377	26.42365721213148
Fun.1.H.A.L	23.859532450103472	0.0	25.93035797719826	29.657661838288	22.345781014174243	27.928872555378273	24.065162599922186	26.065733681314583	28.762860916479795	23.442433433964773	25.58788856872939	24.774494288508674	27.445550471416343	26.502395279008816	27.109322770679935	30.111942600764333	24.736255837135857	27.469404401983766	26.985485351257616	28.021370931315083	25.678601402735556	26.94552295145649	25.70345628815159	29.406070150358804	28.537962834513067	21.313888460895246	24.7299127282942	25.370631419914996	27.03794377865821	27.624237866836328	25.374751927835685	26.968224943920365	24.049862335981338	24.83389951051971	25.280757820425215	27.413921632952533	24.52125536993503	18.35524936121658	22.702518479684915	26.117188878108685	24.718661764744223	25.575298997978713	24.909545820847868	23.684160930309027	26.645204286901517	26.207585146043378	24.776655569749718	24.23520758509753	26.07559087801727	23.23167003922822	26.246660793664695	26.062213824618663	24.646087566560468	25.268237984466392	26.644835900555403	24.576782738443182	25.26299554875785	24.473742043625542	31.96571454626678	25.098723739501704	26.18453376689584	25.00911439202535	24.32850781639418	27.196524339128782	24.521652981292686	24.350456383131192	25.833318357759964	25.740921500209197	24.676168592385196	25.891331538464943	25.122775777027538	25.216985316666303
Fun.1.H.A.M	26.31214416735595	25.93035797719826	0.0	29.846261740933855	25.925180387208567	29.314824606881242	27.252205119058225	27.60642894388936	29.674219905524293	27.378784385522753	28.863917287623924	25.46056637800029	27.33051123072609	24.372045772152227	24.20999412364938	28.864353617628456	25.957921653275154	27.124078999982007	28.405152661205438	28.080403478837948	26.07734427436694	28.72911642305135	27.22598822032908	30.74781933011412	27.896570374552432	27.50976967526285	25.11474931887857	26.392219790754943	26.13520895674163	27.630176235785004	27.082606751490175	29.4930338941994	25.652103582532476	28.99874313179881	28.122442192037514	29.026591579808564	25.41689550611416	25.185586135265584	24.18798426030892	26.395822806749116	26.489889167369483	26.80760709111285	26.300832774968022	27.104012039446918	27.912417762213217	30.6212570065765	28.022580438359533	26.44806394870311	29.385434690650744	28.627875293066065	26.789546923544627	28.394136014031965	27.7030975764407	28.692143961891954	28.046850814503994	27.086774007476972	27.390320866856197	28.971495641717176	32.9483679735908	27.283949792982853	28.940040474626738	28.777689482949356	26.937015196023058	30.91932244323309	28.492644875608537	28.147241458510514	29.964962096147303	29.5131160091736	27.071780870917475	29.67555295794632	29.476846802283255	29.962504564335713
Fun.1.H.B.K	29.933176419632566	29.657661838288	29.846261740933855	0.0	28.57261267631544	29.566810414998493	29.769517010995806	28.979177215320572	28.97511285722285	29.86447592016025	30.326805998857967	27.991863578862656	30.197625037766244	29.006682821614582	29.228283754317946	27.41997247308869	29.491022603603124	30.650736443835306	30.408013204465682	31.209647438640758	30.054678314738332	30.66264070912944	30.647835301152075	29.663524328226845	30.698725848852387	31.77764558463763	29.02548166229843	27.46827001615625	29.568761793812357	30.911729377815533	30.288888288970835	29.176951160559547	29.05101715738967	32.36303340138267	30.195074157354696	31.666446766359723	30.01148891789854	30.411161536353514	29.98206783853818	27.276653722088795	30.154058648675136	29.650429788555396	30.009527061808722	29.235439597189327	30.1587605124082	32.90892250354911	28.29514150190546	29.48387321283374	31.935968592089967	32.14242478892358	29.333183603077938	29.505144252916807	29.55154632737033	32.99059058510348	32.31149220574087	30.29465436170791	30.064980354999456	32.40441077817777	31.981444422196642	31.076570862463477	33.40465320468928	33.31635840071258	32.04850258422173	34.46155331622365	32.31963664366954	32.62636918740277	34.68153374545606	32.82940335201375	30.87182158903195	32.80165992832778	33.98064156412225	34.034434203341085
Fun.1.H.B.L	22.305659781643875	22.345781014174243	25.925180387208567	28.57261267631544	0.0	28.005853894745854	21.913691922435454	24.47441266186686	27.14090431210346	22.393406514636343	24.642086021094823	22.604105335659064	25.707403376354847	26.839003881571706	25.542958427316318	27.604555197539515	19.971987154039176	26.380402649015128	22.96250240331931	27.837689145881185	23.700682426790955	26.29398837532058	23.003184014969804	28.577803575153673	25.407038775515193	21.482281820416574	23.608690158886574	22.43627622938319	21.501759431296232	24.25899709301534	21.41988099101305	24.392256711488084	21.64724279587213	21.306352644000096	20.50625596282962	25.075555577626933	21.325949105757225	21.68907805411565	22.39902581132077	24.446096213569486	20.2147064172512	23.969645666870562	20.575549447861118	22.12418929927405	25.01007534851525	25.18436161598044	21.911517709589727	22.28045611061889	22.873795213352956	23.359822508099715	24.423262539804693	23.099652815387625	20.280707550877057	22.582378136326163	21.795193458961016	21.696114468176567	21.815472749300593	21.57765828266882	28.91370217414602	22.311783511755525	22.142596730777726	22.222204958853855	21.801108371306515	23.243433180208637	19.496982703046704	21.085639032394173	22.08059967025433	21.950052271311456	21.53473398471393	21.893281308964102	21.822037305740004	22.333741505041058
Fun.1.H.B.M	27.55213663569557	27.928872555378273	29.314824606881242	29.566810414998493	28.005853894745854	0.0	28.180194787746867	28.89510110670659	29.82989798703784	27.64712857380324	30.208230919442798	28.241165305853155	29.890777618230803	31.380553118989248	30.080767863625425	29.58193720222169	29.633192612397124	27.614637526595125	30.69587406626869	31.873754701432993	29.036879195906995	32.06089312805636	31.299173182080384	31.733210446674494	29.686310700400675	28.853505215529616	26.676822857044115	28.084344250678832	28.937494836087833	26.639332360682214	28.47896411166353	29.328307063057583	26.129311984860575	29.51493750137015	28.36055722605533	30.474001016671963	29.626759334071757	28.037280160946395	27.07323183708015	27.23478356009488	28.588865305333318	25.202370755064152	28.278966015116662	27.903899927718598	28.49155037422411	30.925312863101666	28.722401917667877	29.794441141950685	31.118854896748143	30.69704505025777	28.33800531538912	28.991298648038978	28.215839847197223	28.985060831865134	28.50631033244972	28.718544667626993	28.514499569979165	29.455901548502794	32.117681339847024	28.95576892436217	30.685471654333966	31.149777194221063	28.503853245695794	32.53369081022033	29.516353666047024	29.480656917680317	32.44613312616185	30.775473084013626	27.665607571090135	30.940338387921003	31.503371377740347	31.59850456889621
Fun.1.H.C.K	22.65112842614422	24.065162599922186	27.252205119058225	29.769517010995806	21.913691922435454	28.180194787746867	0.0	25.13586101726814	28.753834872440265	24.727329549811063	25.70978511146667	23.531046565651014	26.13532380689474	27.54198212387908	26.739888449315412	28.449246237296656	24.613746140190667	27.07137032349658	24.635174089754575	28.228353437895947	24.113412717005737	27.831524586869826	24.838983898807967	29.532595052298117	25.66421925849833	24.461777768386067	24.86020205265638	23.590952837309985	24.767290271464976	24.62127053228585	20.34779999646559	25.457652189151577	23.318132178768472	24.010200906085085	21.59129254959853	24.74182142518619	24.19252553576602	23.52854930920698	23.310120085519337	25.760788615753196	24.147532940502675	24.432492840330422	21.04411628118574	23.903190429058466	24.883345197996803	27.390192082284315	23.38286157500604	25.00678954829293	24.743528677870355	24.565042461582127	24.619384047478984	24.815944825480344	23.356561739599	23.789498432913255	22.227090683046978	22.609337255122007	22.721085785408224	23.228069269061585	27.622981371029503	24.173474204137293	24.379310941140933	25.35106510130889	23.133282879432727	25.96148813114828	23.17960862044788	22.53909982707602	24.5235961389407	24.723357835004585	23.178554725654006	23.9138784762981	24.502275842877385	24.542021316130707
Fun.1.H.C.L	26.918631531998177	26.065733681314583	27.60642894388936	28.979177215320572	24.47441266186686	28.89510110670659	25.13586101726814	0.0	27.981731513099252	26.508837766002642	27.455424003507723	25.681220933455396	27.69527113954773	29.471464593635943	27.902303379684245	27.515282757883593	25.256191943882836	28.09759619479886	27.854359411279113	27.97985747234461	25.363947596612743	28.754786544866707	24.897981992141453	30.58038728567342	28.98146026539392	26.458420930365858	26.497563388060893	25.649315872338935	26.25973991901362	26.87859118326267	24.843746204306974	26.913960393888	24.98836274512301	25.64468311783731	24.900588500518353	26.205759281604198	26.11988477743443	25.715593320788376	24.59746140184764	24.155534070953564	26.3481971926774	25.601002406753782	24.296534023962995	25.53953083320554	27.731328467881948	28.46430764067732	25.97746181130272	25.579989229166284	28.639631685925494	27.449890654445497	26.680199543103335	27.186977498980493	25.927570198925665	26.386645206503985	26.381482517014526	23.41119612068727	25.440758313191548	25.686128634681424	29.900997176411373	26.03250729145898	27.690718071941404	26.761578412522702	25.860835162313595	28.086074674304374	26.60097288385692	26.250150816262483	27.7682614223732	26.232014694409962	25.13719549480041	25.914282373751934	27.01827583359931	27.068739021215407
Fun.1.H.C.M	28.19026403233716	28.762860916479795	29.674219905524293	28.97511285722285	27.14090431210346	29.82989798703784	28.753834872440265	27.981731513099252	0.0	28.625402448409783	26.959095220739947	26.3843104703492	29.758166337886095	29.4195527033808	29.711284832777874	29.742858837964693	29.047657988216663	29.289687410712432	27.841886791025097	31.38487857584609	27.16940701508923	29.63637691167557	28.367042415558227	29.653687144538523	29.252750345745508	30.496145261528767	28.636840301837996	28.89490346646982	28.84782509922839	29.038395747820076	28.499176336893367	28.708511207360363	25.853049502837045	30.423484959797765	28.796261931311513	30.01240662295841	29.061205366533336	29.31929989282286	28.9130508339222	28.806899449310443	29.1131734235958	28.10433273686645	27.54888065163662	27.075598054277123	27.51930566139674	32.1578809548122	26.73216523052401	27.22626508764781	30.666914206771413	32.806127002884736	30.45632373086088	30.736332270793394	28.164544580972073	30.718864335569027	30.475840330740976	30.048152993240045	28.177959687057072	30.574810079582335	31.529239922124432	29.17590246981434	31.109770623964117	31.90561802481271	29.938488062463954	32.84942912757037	30.048649845883034	29.800750130520825	32.24699893783115	31.339248480113064	27.18828888532767	30.834959881527688	31.486660218275233	31.44045261210806
Fun.1.H.D.K	24.927797144773265	23.442433433964773	27.378784385522753	29.86447592016025	22.393406514636343	27.64712857380324	24.727329549811063	26.508837766002642	28.625402448409783	0.0	24.469992836318998	24.814926363988146	27.148712531270252	28.919085109466373	28.367975852057132	29.504381915741256	25.773632143959496	28.914793912836736	25.915986738465556	28.91130120277793	26.01369162961136	25.053879258660213	25.13695992921587	30.132281820585575	27.986442714847506	24.05769379787885	26.72802588623883	25.928970368787933	26.72614218249571	27.63238573503376	25.480793662126807	25.746593467093646	23.846786430558225	23.086573221373015	24.48171401147788	27.619113347162394	24.47173524811333	22.201896843761226	24.413753339883446	24.032539710343443	24.56860442236147	22.89023470546139	24.42259037209569	23.708115903106936	24.82462568065129	23.177194637548038	24.002969612372326	24.713772018965024	27.802569110332673	26.686209573836795	26.64374166279011	26.506931539708244	25.64816631792426	25.257028900713976	25.307933626848534	24.003880463092553	25.140621865294527	23.186967380066307	31.613625066264273	24.439677798710413	26.526217358152525	26.243928563835325	25.91107056285576	26.64921252792929	25.531034078743307	24.649202403005877	26.198395986547673	25.571789649931667	24.976294059941186	24.121994137959355	25.079725767332526	24.95227363037694
Fun.1.H.D.L	27.87252835993256	25.58788856872939	28.863917287623924	30.326805998857967	24.642086021094823	30.208230919442798	25.70978511146667	27.455424003507723	26.959095220739947	24.469992836318998	0.0	25.478210766944663	28.866314354468045	29.06901799143725	29.18580342877711	29.420803678181542	26.76050509128376	29.023361069231917	26.857533268696297	28.757609543185936	26.400749202259927	26.23446933244291	24.45060928952507	28.39043919015169	29.623836103305578	26.703231065889184	28.691881083358236	26.570654779346892	28.663885606596637	29.211277385101038	27.415097700787232	26.360097008643393	25.50876368036125	26.316381493915753	25.888293143905614	27.50744842617574	27.62784721787995	24.132493572770443	25.87521061131407	26.00171920504626	27.10730158483442	26.0483117700037	25.877044043152356	25.37531022577581	26.347582736919446	27.33716823348288	23.47247630630348	25.981093460170776	29.93622036388962	27.934522911631326	28.834572270341063	28.662980971575674	26.97930973052709	29.068568460244844	28.47158958006814	26.753010974185386	25.291774536382945	26.323117723750038	30.86716091415013	26.85657854175186	29.26678425063006	28.830450683212938	28.101304427925317	30.061328467493734	27.946320657089206	27.2871034116111	28.620166702772742	28.252297849788143	26.001476796762557	26.918190218261206	27.822521710325915	27.686042113850018
Fun.1.H.D.M	25.315399134993342	24.774494288508674	25.46056637800029	27.991863578862656	22.604105335659064	28.241165305853155	23.531046565651014	25.681220933455396	26.3843104703492	24.814926363988146	25.478210766944663	0.0	25.503433081057917	26.678579604141664	25.24032797590195	27.605993196128402	23.585487606242445	27.355020047421583	25.730095564581617	27.513448225087707	23.92496380390747	24.449817581231752	23.927322187387922	26.230800914068293	26.987402658772435	25.312540247415743	25.339968598239704	24.939733524566712	24.22948264902608	26.814949275680817	23.527841901867973	27.151391844434084	22.35385672969205	25.38802981301747	24.39666354895277	25.727285211067333	25.98970289551379	24.55006816267971	23.169452076565534	24.607229673517523	25.01144583145469	26.16553840700042	23.636553702377576	25.191655344752558	25.54159889028786	26.843575335324044	23.91011038388199	23.07560749511063	26.411020898362043	27.130633507287584	26.03219619244065	26.955391842427083	24.6597589279105	26.974916068882447	25.745360487502154	25.335412749528196	25.868722160204566	24.871157264024614	30.421871399340823	24.357522711397177	26.805180830783183	27.378449367151955	25.061900953442628	28.248606093155335	25.39770454455259	25.610556927852702	27.706024445571387	27.28779802375199	23.936354592930332	26.61184012702123	25.857030848931355	27.40446802141399
Fun.1.P.A.K	25.159273459941712	27.445550471416343	27.33051123072609	30.197625037766244	25.707403376354847	29.890777618230803	26.13532380689474	27.69527113954773	29.758166337886095	27.148712531270252	28.866314354468045	25.503433081057917	0.0	26.15664745656593	22.715002405246352	27.978236524010253	23.797239081326662	26.775289941549197	24.479501661080764	28.519201070667883	24.554777582864656	27.47688427473408	22.22066341878364	29.895456637582182	26.447318035850895	28.843310509074417	27.58233907849087	28.001361701194966	27.574852479373895	28.544990068528907	25.027754173800766	30.123837654725552	26.376603585261208	27.46609785386763	26.365476156511043	27.238965324153696	23.71402211288979	28.02228700060429	25.829904704562296	25.521357500345523	26.73439251218273	26.60654598310061	25.195165741273122	27.886055898748953	28.65533190200571	29.498545690785907	28.108890849065975	25.73318722060988	28.10725498433164	29.01946686832937	26.933549299037196	27.779418036735912	26.544381654116943	26.82573756875863	27.187957322722244	27.250404208936587	27.66584793409453	27.17656050501467	33.94999215942898	26.872279418743968	25.89342803855757	25.89105085353889	25.071262050755745	27.416172425637917	25.027910404570378	24.665356058429737	27.401670673873397	26.017677820874592	24.77129594934032	26.91047660981145	24.785114030291794	26.755470811693517
Fun.1.P.A.L	28.10180660204505	26.502395279008816	24.372045772152227	29.006682821614582	26.839003881571706	31.380553118989248	27.54198212387908	29.471464593635943	29.4195527033808	28.919085109466373	29.06901799143725	26.678579604141664	26.15664745656593	0.0	17.945109905196443	26.60379689520613	26.339605463237103	26.924251789072812	26.22047752365528	27.181225411912234	26.645819610631765	26.881166025417585	26.176293776091672	28.711023086209046	29.50876620716727	29.416140680887302	26.308793706072912	28.979378786910708	28.590316166796	29.721084699670833	29.091153420078296	32.00746586498674	28.329635490231574	30.80317299015764	29.18149231291395	29.293422512517086	28.24745110635539	27.385975375959248	25.377614468051647	28.328229313659666	28.19744174493176	29.34166884741421	28.269745558432124	28.45050470524117	29.515840841032254	31.550981916754022	29.244923826678516	26.029646904184858	31.33883909168988	31.058403538719233	29.93491361334644	30.617730315488352	29.646229547606215	30.837319224362812	30.399985489899393	30.334016295917255	29.536694351711162	31.43516587265079	35.07104632415711	29.849859357831463	30.54634768338912	30.37580661246398	28.442866266625533	32.49002779287408	30.13096565396706	30.171170959629066	31.846621466530554	30.705175921590364	28.26267430641645	31.83913171758887	30.903075227591216	31.51401159704463
Fun.1.P.A.M	26.757718443430843	27.109322770679935	24.20999412364938	29.228283754317946	25.542958427316318	30.080767863625425	26.739888449315412	27.902303379684245	29.711284832777874	28.367975852057132	29.18580342877711	25.24032797590195	22.715002405246352	17.945109905196443	0.0	26.267271842249478	23.898739864255763	25.54889991393638	24.42430680660221	26.340537986975423	24.375077805883503	26.99456699999267	23.975804685090612	28.895505049642313	27.992692083944867	28.514485607382596	25.92171409470871	27.57906551124101	27.903932003036907	28.741683737219713	26.22722286275175	31.107102208182255	27.020608380512368	28.720043484150093	27.455957421351133	27.928401276797427	27.00226793324257	27.36808748977437	24.068394849170712	26.84628321965762	27.08691959935412	28.98649154854919	26.047503625146078	28.096596531836234	28.60638386845668	31.14502528118757	29.024326314649574	26.432515703868493	28.994482425151414	29.29276669908009	27.408069388880325	28.296137155780887	28.074675914924285	28.21503881350273	28.04187956220844	28.11418658590261	28.959602856526786	28.91051559212756	33.84162237291923	27.978734879665662	28.44428898298203	27.529237583505985	26.164582391409148	29.94505484337075	27.95447073313115	27.796781142438917	29.464515255221226	28.133914221533203	26.073799268826825	29.845249000508968	27.837261298854894	29.20759383662939
Fun.1.P.B.K	29.339105252181028	30.111942600764333	28.864353617628456	27.41997247308869	27.604555197539515	29.58193720222169	28.449246237296656	27.515282757883593	29.742858837964693	29.504381915741256	29.420803678181542	27.605993196128402	27.978236524010253	26.60379689520613	26.267271842249478	0.0	26.38138104662142	26.489347755722278	26.416521630170998	27.825115455074563	27.171475383731746	27.858639820609493	26.891836350757167	28.646611705787556	31.608837206755478	31.777039991457894	31.05650065734491	29.090514199081092	30.097770020586445	29.634432001269285	29.993618694288706	30.77662397847103	28.780535087722033	31.370463590973092	29.139215718184246	30.465091578368384	30.26653257038798	28.736567865125046	28.40617381965503	26.971907950262846	29.381775037518537	29.04864826902906	28.26368535265961	27.698454301913813	29.417944297621183	32.69812964212708	29.064540569235476	28.62288804971651	33.09307288023974	32.57430553806261	30.516415904518603	30.37628196214345	30.26036444656127	31.71376496506122	31.557672507494665	29.892768400130123	29.723258995419908	31.83792922352241	34.064709215512124	30.51982024615559	32.43389139200035	31.928382485576137	30.21494314977683	32.747082311643254	30.522895328146657	30.741610693414824	33.05692708290108	31.24824957004211	29.29848451246801	32.067032111099515	31.603246762034626	32.755094201339475
Fun.1.P.B.L	25.109773845486476	24.736255837135857	25.957921653275154	29.491022603603124	19.971987154039176	29.633192612397124	24.613746140190667	25.256191943882836	29.047657988216663	25.773632143959496	26.76050509128376	23.585487606242445	23.797239081326662	26.339605463237103	23.898739864255763	26.38138104662142	0.0	25.502214372845724	22.640162634657102	26.95506011361345	23.85435343932656	26.247953250736355	21.493446212829674	28.784115981225813	27.077252993533584	26.069293872555477	27.05117101093821	25.003891720357657	24.188320583413823	26.957894407084712	22.3479955021717	27.888216754541546	24.90593269932344	24.23916954686507	24.14308842578192	25.35613033058191	24.70391584851434	24.785045755504747	23.758512020816468	26.152211064613127	22.970661487390423	26.683242710589127	21.95163314387182	24.888682247438048	27.740055610559928	27.707523736994514	25.247826598493237	23.20895916145834	25.982855034759954	26.514991884772193	26.049574571353293	25.266974744275178	23.89366670342075	24.55512513033016	24.02436831460261	23.754962457795305	25.45386236119966	23.92747234396598	32.35336964881314	24.515315658042447	24.389529026451946	23.519993783090403	22.83325615323146	24.470504063849443	22.19116485562873	22.478232713849692	24.055091964458732	23.242711919790036	23.5733519676466	24.450775008840292	23.496566076543775	23.679050867051973
Fun.1.P.B.M	26.640130383077896	27.469404401983766	27.124078999982007	30.650736443835306	26.380402649015128	27.614637526595125	27.07137032349658	28.09759619479886	29.289687410712432	28.914793912836736	29.023361069231917	27.355020047421583	26.775289941549197	26.924251789072812	25.54889991393638	26.489347755722278	25.502214372845724	0.0	25.757674806620866	25.154414987310542	25.121236050560775	26.34917013395246	27.574475920424465	29.395897268620054	30.877223075284185	30.299814790045755	28.366378307902444	29.43379145327601	29.78430758264794	27.072465013005537	28.62085775558021	31.326029870964376	27.85379403766167	30.16677294903227	29.093058736585803	29.27943443617642	28.53396160811452	27.432052404636668	26.488088741095076	27.863482810335757	27.813850938035376	28.124041962941	27.76246823896842	27.469245308287523	29.090753701319354	31.585165388280355	29.16236454202114	27.20653678786334	31.10634171423769	31.749239956462176	29.335899774179836	30.91347772285763	30.8201747637664	28.66313437998019	29.547662326539875	29.63275915128704	29.420613049669697	29.868128386348488	34.98439815200777	30.165374885057528	30.00732155837229	30.54071691336552	27.327245087978678	31.394933518643015	29.322104138673694	28.148661208968296	31.50529689788184	30.558565562287317	27.507488654232123	31.357297295184225	30.35341390717276	30.861532861857786
Fun.1.P.C.K	25.444790797440533	26.985485351257616	28.405152661205438	30.408013204465682	22.96250240331931	30.69587406626869	24.635174089754575	27.854359411279113	27.841886791025097	25.915986738465556	26.857533268696297	25.730095564581617	24.479501661080764	26.22047752365528	24.42430680660221	26.416521630170998	22.640162634657102	25.757674806620866	0.0	27.072410211657566	23.815973684860037	26.650074402457474	23.414660418845134	26.82155418493471	27.66174068318052	28.494597881384248	28.532998766752357	28.09228114440514	26.704104088467133	28.420298913195353	24.797600417481288	29.51434944111033	25.892240098132984	27.242509748490594	25.75595865532234	27.85713368114738	25.798052051022186	26.39383171043359	25.526090474900375	27.08739120092363	25.418764423245943	27.02159214547594	23.973146521279613	25.574246431411098	27.373449024185476	29.25165584192621	26.870621557513946	24.429891425157482	28.942203711416326	29.840149195837185	28.645985616731238	28.350821832763426	26.205630345301884	28.52659499565223	27.32616313964011	28.287873137744427	27.25419143527682	27.305155196038402	32.66073044848605	27.063167189693026	27.832924619359076	27.618127500846605	26.564099784231303	28.622152641333123	25.902333874574516	26.346825788072096	27.858019075012212	27.123585380985595	25.284572411326405	27.683008013003597	26.802535801506174	27.66475819626916
Fun.1.P.C.L	29.28127479294861	28.021370931315083	28.080403478837948	31.209647438640758	27.837689145881185	31.873754701432993	28.228353437895947	27.97985747234461	31.38487857584609	28.91130120277793	28.757609543185936	27.513448225087707	28.519201070667883	27.181225411912234	26.340537986975423	27.825115455074563	26.95506011361345	25.154414987310542	27.072410211657566	0.0	25.458234785361665	25.540285643059267	25.773344669843006	28.75954915170094	32.49354101301889	31.42631221890646	30.88989501683172	29.95677164277591	31.433023124722403	29.988121646326157	30.201598618087893	30.77042030441839	28.67450462325238	29.960308012622786	30.094097806202413	29.88441346466867	29.300010965902267	27.314535565402448	27.229874919133785	26.956045756723288	30.12288121945261	28.603646003944768	28.231115199338134	27.31473853336112	29.4030898856305	31.738994670658712	29.34813035164488	26.872634931685347	32.782143414367745	32.140866399679126	30.87621550963653	30.963376872916196	31.00429829669461	30.66303536690347	31.34775434259193	28.476166510376885	29.853937495004406	30.56765225327856	35.53893903406212	29.79374997162818	32.35083157001409	32.375799374503636	29.862287578293873	32.514029438182426	31.273361391029113	29.933633550731283	31.65331368254171	31.246138007248554	29.042187988378878	30.988899607905463	30.763023428887667	31.37926757006002
Fun.1.P.C.M	25.552270569118367	25.678601402735556	26.07734427436694	30.054678314738332	23.700682426790955	29.036879195906995	24.113412717005737	25.363947596612743	27.16940701508923	26.01369162961136	26.400749202259927	23.92496380390747	24.554777582864656	26.645819610631765	24.375077805883503	27.171475383731746	23.85435343932656	25.121236050560775	23.815973684860037	25.458234785361665	0.0	26.45562458576532	21.783068115351266	27.085513071644712	27.088481608789124	26.804627930126067	26.50438887959699	26.511897651173058	27.211196433078097	25.684836023736448	24.05216144002118	27.600162084614713	23.68497483862353	24.497902166335038	24.03519370202462	25.977525976393707	24.95726270068692	25.532232320801278	24.821305896085743	25.889554746716804	25.985623934015166	24.519758142076256	23.655048338431023	25.190097087297012	25.32139658678179	28.452440897883342	25.013731797071245	23.60257792960779	27.526999180590114	27.558409055592183	26.30343554606546	26.213656025564198	26.229385094500834	25.314794228796988	25.07640084628267	25.401128018454447	24.830195985795992	25.549941142841668	30.389183416547603	25.56355673785438	26.893412402291837	26.18203487976909	25.008138695419483	27.309104162379874	25.452873139320996	24.56818562311424	26.478186042569966	25.831514571151104	23.08620038662567	26.588275464067443	24.98054739471604	26.32053031573055
Fun.1.P.D.K	28.38912137135948	26.94552295145649	28.72911642305135	30.66264070912944	26.29398837532058	32.06089312805636	27.831524586869826	28.754786544866707	29.63637691167557	25.053879258660213	26.23446933244291	24.449817581231752	27.47688427473408	26.881166025417585	26.99456699999267	27.858639820609493	26.247953250736355	26.34917013395246	26.650074402457474	25.540285643059267	26.45562458576532	0.0	25.02533026357615	29.313820526831943	31.7505302215485	29.129819564319984	30.4511956963091	28.8569626757616	30.613943447218364	29.761534159465413	29.40435863231737	30.0276316849079	27.488619896518472	27.794621487966992	27.908305007325108	29.379121897985215	28.32392367714497	25.945866143933664	27.028342922347534	26.607395618765647	28.295627554971922	27.547343954472556	27.174446055339295	26.839415660666113	28.983575038200513	28.170230878071273	27.714123304258194	25.50351598273405	31.3904987842951	30.901289771727953	31.107073817477474	30.88729584882079	30.08606046306097	29.946465587845147	30.548150478836504	27.77802612070704	28.91134128297722	28.52819128775252	34.88706298446346	29.437673761485875	31.279635766656636	30.083285325114367	28.623994454631767	31.2241478794926	29.739138665871636	28.693351560567702	30.724258129858118	29.849303427013997	26.941237039875585	29.138441089754046	29.012727550305776	30.026119834593587
Fun.1.P.D.L	26.97262581582621	25.70345628815159	27.22598822032908	30.647835301152075	23.003184014969804	31.299173182080384	24.838983898807967	24.897981992141453	28.367042415558227	25.13695992921587	24.45060928952507	23.927322187387922	22.22066341878364	26.176293776091672	23.975804685090612	26.891836350757167	21.493446212829674	27.574475920424465	23.414660418845134	25.773344669843006	21.783068115351266	25.02533026357615	0.0	28.122368054013066	27.459486055818473	26.54218900362772	27.582824820438095	25.606990490382163	26.964005463396735	27.286769477510575	23.598249661100404	27.230981814358085	24.52644888605669	24.169911790047607	23.54646374887256	25.247555333790494	25.328664455324393	25.368486381392014	24.05498829761084	24.912797461238583	24.447826908741146	25.84689130183306	22.681552930678954	24.917104313254477	26.87119695450427	28.157118160966647	23.79597368879553	22.325762630262457	27.51796894466335	26.710143696413873	26.533510229313237	25.78210742710818	25.539642816879947	25.479203916496697	24.702160233077613	23.84110457694866	24.685047689960836	24.36022684486639	32.011544023800504	23.279835278903278	24.75724127222339	24.317511383479655	23.258868131063796	24.54396663600619	24.218776952670133	22.567190731071285	24.290899463686728	22.905713729769783	22.840693004302487	23.335283697457	22.17884779234179	23.241495725175312
Fun.1.P.D.M	30.38804953815364	29.406070150358804	30.74781933011412	29.663524328226845	28.577803575153673	31.733210446674494	29.532595052298117	30.58038728567342	29.653687144538523	30.132281820585575	28.39043919015169	26.230800914068293	29.895456637582182	28.711023086209046	28.895505049642313	28.646611705787556	28.784115981225813	29.395897268620054	26.82155418493471	28.75954915170094	27.085513071644712	29.313820526831943	28.122368054013066	0.0	32.357683767177065	32.39850534533641	31.12831679334683	31.02208277358216	29.972422902492045	32.05579819086294	31.155649745633816	31.44136894436681	29.13103561305531	31.948237205227155	30.711975054422805	29.252429769390478	30.43327119703015	29.69622393200112	29.05478412116883	28.576237426700462	29.308878940933415	31.370400933878575	29.861247649346247	29.1025395317797	29.821147525907318	32.30242084418525	28.988714075382322	27.41917392762892	33.09540680246894	33.22093124232238	32.040659794298314	32.19777533502175	31.312486075608046	33.3359384909048	32.86503221728242	32.33252089465235	30.947342987514265	32.852573539753614	34.7383017594936	30.84704072743972	33.80396213598437	34.03434292651298	32.011725705692434	35.34118962963502	32.01568833222708	32.537181303905356	34.611817829777245	33.359778027153695	30.575940442384766	33.244807286510365	32.590709890702215	33.58312877940724
Fun.2.H.A.K	24.32521332489316	28.537962834513067	27.896570374552432	30.698725848852387	25.407038775515193	29.686310700400675	25.66421925849833	28.98146026539392	29.252750345745508	27.986442714847506	29.623836103305578	26.987402658772435	26.447318035850895	29.50876620716727	27.992692083944867	31.608837206755478	27.077252993533584	30.877223075284185	27.66174068318052	32.49354101301889	27.088481608789124	31.7505302215485	27.459486055818473	32.357683767177065	0.0	25.446559771978077	22.681178395914817	25.17719116507229	25.544842567514035	26.240167277843746	23.107291947532655	27.653015452670118	25.0721068046855	25.411214809425637	23.887447540405624	27.898472383174195	24.988249952286825	26.95630761629185	25.701546833082098	28.124661510924433	25.764480982213712	27.625754344858198	23.174415720519146	27.505544457072013	28.82704015524829	29.974703362265576	27.242296603937305	27.034550498763753	23.32440217915177	27.39457153266816	24.807505371332894	24.925648874435872	23.89551147469932	25.931656713125673	24.702026724324764	25.969346607197046	26.24266681751129	25.436914774869148	30.737083801607803	25.278289444120162	23.964595440467253	24.86840574015141	24.897233656484637	26.495397123682153	24.243873235595775	25.203849624521894	27.31358288599639	25.55777302599786	25.801910203166848	25.53585156582819	26.63892638555038	26.7999057718632
Fun.2.H.A.L	24.235474957716153	21.313888460895246	27.50976967526285	31.77764558463763	21.482281820416574	28.853505215529616	24.461777768386067	26.458420930365858	30.496145261528767	24.05769379787885	26.703231065889184	25.312540247415743	28.843310509074417	29.416140680887302	28.514485607382596	31.777039991457894	26.069293872555477	30.299814790045755	28.494597881384248	31.42631221890646	26.804627930126067	29.129819564319984	26.54218900362772	32.39850534533641	25.446559771978077	0.0	22.25568870172225	22.34445623449512	24.787616453833433	25.5340447756929	22.70283425555724	25.461060751232992	22.835072611532993	20.36023947207506	22.201215016913636	25.56602547763623	24.777537711902294	20.425969254095673	23.895935893750604	27.404910555418486	24.95085522090487	25.11210301202272	22.522587350661485	24.774180919351785	27.189932730877416	27.050530953186165	25.57325119989728	26.12697563589429	23.8651495927141	20.046675182459214	24.68704410249022	22.582716500332968	22.097759340577003	22.647610577670246	23.076070733714662	21.879302108760978	23.420956819482964	21.741003513897834	29.68091313206296	23.03037240637954	23.35272664543957	21.86082894560745	21.92443282998799	24.477568406364995	22.33208278405017	22.049273622640982	23.661520315133536	23.320560550372587	24.03852903064112	22.82423611413933	22.66557433597296	23.003186011362892
Fun.2.H.A.M	24.520338476828208	24.7299127282942	25.11474931887857	29.02548166229843	23.608690158886574	26.676822857044115	24.86020205265638	26.497563388060893	28.636840301837996	26.72802588623883	28.691881083358236	25.339968598239704	27.58233907849087	26.308793706072912	25.92171409470871	31.05650065734491	27.05117101093821	28.366378307902444	28.532998766752357	30.88989501683172	26.50438887959699	30.4511956963091	27.582824820438095	31.12831679334683	22.681178395914817	22.25568870172225	0.0	22.43373170818522	23.700439332690923	23.652028880545558	22.23088584518491	25.540865121008043	22.462235325523462	24.655094139344502	24.137576892174284	25.822112296446967	24.461232252509824	23.950846386684567	23.021730206728243	27.1956443323513	24.2153905319448	26.692087629057514	23.21511873144633	25.504145636345836	27.855322689501403	29.014600956014704	26.369992299362817	25.872744166540695	23.86229689459066	22.838347811584907	21.501301018737784	22.72492364025734	23.018298018333205	23.577148754446597	23.36562675134637	23.84861858760605	23.83674160689453	24.470271386382638	28.66394237895614	23.263971842695668	24.052337873865607	24.292244380445965	21.512685246666667	26.867797694328157	24.04196581261817	23.732559591583158	26.23524005401314	25.264922206800296	24.450124933260387	25.339693054906995	26.270734472432896	25.537277968041007
Fun.2.H.B.K	25.463714948515978	25.370631419914996	26.392219790754943	27.46827001615625	22.43627622938319	28.084344250678832	23.590952837309985	25.649315872338935	28.89490346646982	25.928970368787933	26.570654779346892	24.939733524566712	28.001361701194966	28.979378786910708	27.57906551124101	29.090514199081092	25.003891720357657	29.43379145327601	28.09228114440514	29.95677164277591	26.511897651173058	28.8569626757616	25.606990490382163	31.02208277358216	25.17719116507229	22.34445623449512	22.43373170818522	0.0	22.997848022280316	22.976932707015564	21.372789286301384	22.539130000894055	22.019797230457613	21.428726403432705	20.489334394858236	25.534757446550255	25.6700385515448	23.991959690969335	23.12719959720909	26.161265604743125	25.01792798050559	25.39699810000348	22.01073442062721	25.528756340518598	26.99882865992741	28.804080467064985	25.692773239568954	25.594521385198995	23.472377738506175	23.672972756448857	23.076581687607774	19.9010460696165	22.18128734531231	22.188765141449696	20.9442826430074	20.497506155474454	20.864170626472305	20.676902882849436	27.758677714166698	21.424741242212765	23.322176529189335	22.959120322972616	22.095882907127308	22.911188576447113	22.55007678298224	22.573686666232685	24.05244225300876	22.57495259947881	23.57325175973723	21.67111939624775	23.29859537166023	24.25535167010888
Fun.2.H.B.L	25.590979135881526	27.03794377865821	26.13520895674163	29.568761793812357	21.501759431296232	28.937494836087833	24.767290271464976	26.25973991901362	28.84782509922839	26.72614218249571	28.663885606596637	24.22948264902608	27.574852479373895	28.590316166796	27.903932003036907	30.097770020586445	24.188320583413823	29.78430758264794	26.704104088467133	31.433023124722403	27.211196433078097	30.613943447218364	26.964005463396735	29.972422902492045	25.544842567514035	24.787616453833433	23.700439332690923	22.997848022280316	0.0	25.327741314901292	21.57446972540041	25.034792765782317	22.339549786679605	25.092268252204953	22.452707103044478	24.979174059669738	24.881014424509445	25.982969927389775	25.50952551570516	26.29187327945527	22.79707605518605	26.98604716093884	24.389426675349732	25.98076509802251	27.73747654341512	30.342455613191955	25.701435928282322	25.476419965980032	23.948999105570966	25.72718906193975	24.836067901343903	24.459364949034338	21.565366841890803	25.014709104151667	23.00796466215464	24.592206290042473	24.75168666966581	24.536174339483118	29.860450861460095	23.463056168028785	24.6941408882326	26.332027532883703	23.5066545308143	27.224680112477053	23.052879972383156	25.312995679970793	26.962251125559767	25.826171462271613	24.68628482017319	24.94273900234149	25.985896832893282	26.013543620085724
Fun.2.H.B.M	25.179762242479256	27.624237866836328	27.630176235785004	30.911729377815533	24.25899709301534	26.639332360682214	24.62127053228585	26.87859118326267	29.038395747820076	27.63238573503376	29.211277385101038	26.814949275680817	28.544990068528907	29.721084699670833	28.741683737219713	29.634432001269285	26.957894407084712	27.072465013005537	28.420298913195353	29.988121646326157	25.684836023736448	29.761534159465413	27.286769477510575	32.05579819086294	26.240167277843746	25.5340447756929	23.652028880545558	22.976932707015564	25.327741314901292	0.0	23.55097562889379	26.53074430167979	22.151796749738438	25.05944226223788	24.03683228589205	25.68349174236398	26.096330087762976	25.994452775950496	23.623984467425167	26.443237619719884	26.39414491237107	24.66373548902212	23.081391195098437	26.0947074784413	27.099383794150672	29.271181244455253	26.7788114343185	26.94021531819097	25.4544091839629	26.637750570816443	24.405370635200317	25.149073252507513	24.65750344822135	21.667792407514437	23.49125281363131	23.974674242433185	23.673748667740636	25.234231079694933	30.34799706416054	24.307942477846577	26.078711705786187	26.42022721545045	21.834803993595198	26.928729943024745	24.61769290227584	23.11582967785685	26.91937132005418	25.806746472506386	22.717685599576416	26.364002295353956	26.104423823809864	26.78521318381506
Fun.2.H.C.K	23.393881026488653	25.374751927835685	27.082606751490175	30.288888288970835	21.41988099101305	28.47896411166353	20.34779999646559	24.843746204306974	28.499176336893367	25.480793662126807	27.415097700787232	23.527841901867973	25.027754173800766	29.091153420078296	26.22722286275175	29.993618694288706	22.3479955021717	28.62085775558021	24.797600417481288	30.201598618087893	24.05216144002118	29.40435863231737	23.598249661100404	31.155649745633816	23.107291947532655	22.70283425555724	22.23088584518491	21.372789286301384	21.57446972540041	23.55097562889379	0.0	24.62974898392959	21.5029418480279	21.113176984430243	18.545593855274014	22.814532278638964	23.49104599217967	24.957408693370656	23.70274807471547	26.420485792194068	22.793869115171294	25.298123485375132	18.173351012735328	25.834338752639848	26.18405453638123	28.083129057994277	25.314461870945635	24.717016750437267	20.855659385886078	22.49779919386434	22.41048047427736	20.520411974420742	18.866316907772344	20.69024677704942	16.234526124608248	19.6247018322889	20.815606299419247	18.125426759678614	27.00922407638003	19.678489296555146	20.046473434115736	20.18296929202925	20.118718388453726	20.81963122320697	19.23280921466075	18.9170027001068	19.920699910176545	20.39288928413099	20.55250251314423	20.620688963002927	19.94163366041079	20.42619068216404
Fun.2.H.C.L	28.10319676412631	26.968224943920365	29.4930338941994	29.176951160559547	24.392256711488084	29.328307063057583	25.457652189151577	26.913960393888	28.708511207360363	25.746593467093646	26.360097008643393	27.151391844434084	30.123837654725552	32.00746586498674	31.107102208182255	30.77662397847103	27.888216754541546	31.326029870964376	29.51434944111033	30.77042030441839	27.600162084614713	30.0276316849079	27.230981814358085	31.44136894436681	27.653015452670118	25.461060751232992	25.540865121008043	22.539130000894055	25.034792765782317	26.53074430167979	24.62974898392959	0.0	22.801308433659614	22.975950461421917	23.119238149676043	27.725440192048307	27.60083264159748	26.137990947115206	26.38716789355752	26.307958241120105	26.92206693504349	24.547409677153663	25.111337145870337	24.35641545419758	27.010132767606983	29.68783064183521	25.98847193031744	27.384504250991817	25.46875302861868	25.619786104675462	25.872494904627462	22.258218618519304	22.858766046084988	24.73980946285746	23.28924913747007	20.04095829151858	19.791773374632893	22.29927546570156	27.517259138592415	23.053053441956482	25.432039271036746	25.995563870044343	25.30449421003243	26.191327532421358	24.670397777776667	24.50284519255848	26.419880882444396	24.335844202608126	25.889038993968345	22.70431014172131	25.836754187880068	25.661979092620808
Fun.2.H.C.M	24.537525581866706	24.049862335981338	25.652103582532476	29.05101715738967	21.64724279587213	26.129311984860575	23.318132178768472	24.98836274512301	25.853049502837045	23.846786430558225	25.50876368036125	22.35385672969205	26.376603585261208	28.329635490231574	27.020608380512368	28.780535087722033	24.90593269932344	27.85379403766167	25.892240098132984	28.67450462325238	23.68497483862353	27.488619896518472	24.52644888605669	29.13103561305531	25.0721068046855	22.835072611532993	22.462235325523462	22.019797230457613	22.339549786679605	22.151796749738438	21.5029418480279	22.801308433659614	0.0	21.982133769579274	21.339503346414023	23.572602061286048	23.558609753365026	23.26252958637884	23.30241557334582	23.857928958037114	24.530793469649236	22.353933445780182	20.940153604001196	24.290190830846768	23.50550071694145	26.83723558481956	23.387099694383668	23.518383116187586	24.823060303032292	23.664164823063725	23.240576367282205	23.14119586868714	21.11868532714513	22.215423408981554	21.750752764190377	21.401214334340228	20.49349511676512	21.526526195520276	27.189705898417863	20.790828929508525	23.244906602686548	22.987164540979965	21.698442876475106	25.303118823694525	21.740316639728167	21.63743393887884	23.71995908492732	22.875092966600853	20.727469066220987	22.959427169198836	22.862412177726277	23.475608454578744
Fun.2.H.D.K	25.257932414633288	24.83389951051971	28.99874313179881	32.36303340138267	21.306352644000096	29.51493750137015	24.010200906085085	25.64468311783731	30.423484959797765	23.086573221373015	26.316381493915753	25.38802981301747	27.46609785386763	30.80317299015764	28.720043484150093	31.370463590973092	24.23916954686507	30.16677294903227	27.242509748490594	29.960308012622786	24.497902166335038	27.794621487966992	24.169911790047607	31.948237205227155	25.411214809425637	20.36023947207506	24.655094139344502	21.428726403432705	25.092268252204953	25.05944226223788	21.113176984430243	22.975950461421917	21.982133769579274	0.0	19.605085711817654	23.921538451067768	24.406785584095704	23.303432787705905	24.239787758810134	26.60417650206599	23.45751359567703	24.83487237509595	20.866175243039105	24.016302060167	26.999062609079125	25.57575728307764	24.992219841139807	25.5167363178609	22.968445655737646	22.790034089791487	25.1368217457169	21.651037624934943	22.47115353793691	20.800992618882713	20.992753432963053	19.32794557242093	21.452738271163152	17.485960892602275	29.717011622982977	22.377467293024942	21.51829499775093	19.65907666022205	20.579038723397115	20.334658353786214	20.124331300369782	19.733866875533185	20.522451907326573	18.918397885221935	21.35285881546934	18.48675191597236	19.369145657483216	20.02197082005779
Fun.2.H.D.L	24.247250905295825	25.280757820425215	28.122442192037514	30.195074157354696	20.50625596282962	28.36055722605533	21.59129254959853	24.900588500518353	28.796261931311513	24.48171401147788	25.888293143905614	24.39666354895277	26.365476156511043	29.18149231291395	27.455957421351133	29.139215718184246	24.14308842578192	29.093058736585803	25.75595865532234	30.094097806202413	24.03519370202462	27.908305007325108	23.54646374887256	30.711975054422805	23.887447540405624	22.201215016913636	24.137576892174284	20.489334394858236	22.452707103044478	24.03683228589205	18.545593855274014	23.119238149676043	21.339503346414023	19.605085711817654	0.0	24.025057937377383	24.52891509628008	23.86882338988591	24.10470832200242	26.13116175209704	23.635788670779764	23.740852296680305	20.51135375125439	24.64964084538223	25.371671889393323	27.485274420801602	23.26535222140704	24.618210023502197	21.641788500130946	22.37777538812207	23.438576379787076	19.953818926195066	19.81259568074883	20.430538192956796	18.39041024356565	20.103592832664393	19.22916625988856	18.51123604332243	27.08482393922482	21.17028717897109	20.651052993453007	20.15435828879247	20.845764580431847	19.789073057348176	18.460062838037672	20.11592697318806	20.661588343571136	19.09647104697369	20.106371617502486	19.851323207980247	18.79309985417269	21.125318123501412
Fun.2.H.D.M	28.249220847596547	27.413921632952533	29.026591579808564	31.666446766359723	25.075555577626933	30.474001016671963	24.74182142518619	26.205759281604198	30.01240662295841	27.619113347162394	27.50744842617574	25.727285211067333	27.238965324153696	29.293422512517086	27.928401276797427	30.465091578368384	25.35613033058191	29.27943443617642	27.85713368114738	29.88441346466867	25.977525976393707	29.379121897985215	25.247555333790494	29.252429769390478	27.898472383174195	25.56602547763623	25.822112296446967	25.534757446550255	24.979174059669738	25.68349174236398	22.814532278638964	27.725440192048307	23.572602061286048	23.921538451067768	24.025057937377383	0.0	27.099399028625044	27.36164444378832	24.91753470447933	26.58848873457986	25.107456763312015	27.770357621636492	22.195509575968018	27.165756068454797	27.667604100334962	29.19921517832945	27.011807078533195	24.837438720167814	27.320341130236656	25.109924413376437	25.41384117136321	25.31591329882804	24.639536143700212	24.80183579313431	23.760507796466076	23.65697212091278	24.605331466841108	23.631482831736115	31.45119816931982	22.80663902748025	25.55491042031795	23.57231173175845	21.741916658027378	25.483736180476576	22.882863979648018	23.244544984714675	24.81205142982366	22.982102727653782	22.503524610994514	24.70484465495245	22.442943206180097	22.433338537109275
Fun.2.P.A.K	20.519397799964512	24.52125536993503	25.41689550611416	30.01148891789854	21.325949105757225	29.626759334071757	24.19252553576602	26.11988477743443	29.061205366533336	24.47173524811333	27.62784721787995	25.98970289551379	23.71402211288979	28.24745110635539	27.00226793324257	30.26653257038798	24.70391584851434	28.53396160811452	25.798052051022186	29.300010965902267	24.95726270068692	28.32392367714497	25.328664455324393	30.43327119703015	24.988249952286825	24.777537711902294	24.461232252509824	25.6700385515448	24.881014424509445	26.096330087762976	23.49104599217967	27.60083264159748	23.558609753365026	24.406785584095704	24.52891509628008	27.099399028625044	0.0	23.108191845538983	23.475839229075305	25.73403366958296	24.07339586103898	24.188825691837533	23.50502179718512	25.486232823672164	26.622532246366497	27.328704251334518	24.956442382794602	25.49331634473771	23.11045138447464	25.433115374137188	24.996757455541392	26.326172078662314	23.525342575161645	24.07570151072817	24.85802898827768	24.338173386775566	24.58528109659252	24.25081933526568	31.26366392410446	24.00530468489793	23.520633052286765	24.303403317531334	23.015766760505095	25.951995179449817	22.785861136040612	22.568279173897384	24.582491874559192	24.6872154321954	23.8415620247156	24.761741264673564	24.368570007549526	24.462827714000166
Fun.2.P.A.L	21.470284315511453	18.35524936121658	25.185586135265584	30.411161536353514	21.68907805411565	28.037280160946395	23.52854930920698	25.715593320788376	29.31929989282286	22.201896843761226	24.132493572770443	24.55006816267971	28.02228700060429	27.385975375959248	27.36808748977437	28.736567865125046	24.785045755504747	27.432052404636668	26.39383171043359	27.314535565402448	25.532232320801278	25.945866143933664	25.368486381392014	29.69622393200112	26.95630761629185	20.425969254095673	23.950846386684567	23.991959690969335	25.982969927389775	25.994452775950496	24.957408693370656	26.137990947115206	23.26252958637884	23.303432787705905	23.86882338988591	27.36164444378832	23.108191845538983	0.0	22.06088423020287	25.932635757408402	23.294249535704544	23.43749889977881	22.927431794681002	23.08345382242084	26.132433146243887	25.54878144115949	23.272193497605155	24.709612592882955	24.566216579287623	21.987566625226773	25.19457169216308	25.00880222528821	23.626911644989658	24.17481395611856	25.061546861795108	23.09303329273429	24.497792374409944	24.07157329464545	31.388110663585994	24.308740251775188	25.194416907838647	23.62070531231978	23.16930962572559	25.490983517578197	23.505718196223782	22.406014363741495	24.505068387059236	24.403425966560043	23.85313442862549	24.777499245083966	23.69782009667378	23.47154911309924
Fun.2.P.A.M	23.644812143390233	22.702518479684915	24.18798426030892	29.98206783853818	22.39902581132077	27.07323183708015	23.310120085519337	24.59746140184764	28.9130508339222	24.413753339883446	25.87521061131407	23.169452076565534	25.829904704562296	25.377614468051647	24.068394849170712	28.40617381965503	23.758512020816468	26.488088741095076	25.526090474900375	27.229874919133785	24.821305896085743	27.028342922347534	24.05498829761084	29.05478412116883	25.701546833082098	23.895935893750604	23.021730206728243	23.12719959720909	25.50952551570516	23.623984467425167	23.70274807471547	26.38716789355752	23.30241557334582	24.239787758810134	24.10470832200242	24.91753470447933	23.475839229075305	22.06088423020287	0.0	23.08088049730415	24.751119955636472	23.57687426237968	22.277405032899974	24.685437260130016	26.34573978790555	27.239386419488664	25.444781225396298	23.841785408310916	24.77101469192523	24.450398019519938	23.593626425692808	25.198780159689296	24.078064531004294	23.159782680409126	23.370936469793836	23.473071455177898	24.697756670576055	24.548751777537625	31.154781409684542	23.655184361254374	24.85717289032785	24.632010347673965	21.422576000367687	25.595282036903413	24.17904355973224	22.619080436401582	25.111871556290733	24.544203473253464	23.2451111501263	25.251687838337105	24.809715893925244	24.961488580295768
Fun.2.P.B.K	25.861963812648423	26.117188878108685	26.395822806749116	27.276653722088795	24.446096213569486	27.23478356009488	25.760788615753196	24.155534070953564	28.806899449310443	24.032539710343443	26.00171920504626	24.607229673517523	25.521357500345523	28.328229313659666	26.84628321965762	26.971907950262846	26.152211064613127	27.863482810335757	27.08739120092363	26.956045756723288	25.889554746716804	26.607395618765647	24.912797461238583	28.576237426700462	28.124661510924433	27.404910555418486	27.1956443323513	26.161265604743125	26.29187327945527	26.443237619719884	26.420485792194068	26.307958241120105	23.857928958037114	26.60417650206599	26.13116175209704	26.58848873457986	25.73403366958296	25.932635757408402	23.08088049730415	0.0	26.864303814587583	24.765275000809062	25.241688364748793	25.819637021778306	25.362847948066264	27.949975503031723	26.103394391442478	25.634758137425894	28.509464866867955	27.877476396826825	27.189272521373823	27.1077926691441	25.994189782662286	26.61317561802916	26.305612704896234	24.643389040391607	26.06410639529384	26.045211432689044	31.067240396967858	25.352520506501317	28.22097982345898	28.565741805406716	26.583449911640212	29.292369335704365	27.28761123405358	26.52601089397863	28.50920457859998	27.654949088560436	25.924089285716956	27.076237228449546	27.496617734233503	27.830186979416283
Fun.2.P.B.L	24.39064470051466	24.718661764744223	26.489889167369483	30.154058648675136	20.2147064172512	28.588865305333318	24.147532940502675	26.3481971926774	29.1131734235958	24.56860442236147	27.10730158483442	25.01144583145469	26.73439251218273	28.19744174493176	27.08691959935412	29.381775037518537	22.970661487390423	27.813850938035376	25.418764423245943	30.12288121945261	25.985623934015166	28.295627554971922	24.447826908741146	29.308878940933415	25.764480982213712	24.95085522090487	24.2153905319448	25.01792798050559	22.79707605518605	26.39414491237107	22.793869115171294	26.92206693504349	24.530793469649236	23.45751359567703	23.635788670779764	25.107456763312015	24.07339586103898	23.294249535704544	24.751119955636472	26.864303814587583	0.0	26.215598294615738	22.455639594429613	25.006267431283266	27.3145884233969	27.83528238130779	24.238708858321363	24.789625412896214	25.621208820273353	25.868522143224993	25.16383799748996	25.07734165960642	23.193721636619188	25.147284641789838	24.047978525280744	24.350165251502556	25.771006314980664	24.44731373017685	30.830941052863594	24.50944621392825	24.637687072923505	25.168251327076668	23.60523744566946	26.45785729436759	22.077580299078654	23.729478781167845	25.415233231930685	24.679977780658074	24.03481204303867	25.25566127917412	24.240048121241102	25.088898433224536
Fun.2.P.B.M	24.636819377769466	25.575298997978713	26.80760709111285	29.650429788555396	23.969645666870562	25.202370755064152	24.432492840330422	25.601002406753782	28.10433273686645	22.89023470546139	26.0483117700037	26.16553840700042	26.60654598310061	29.34166884741421	28.98649154854919	29.04864826902906	26.683242710589127	28.124041962941	27.02159214547594	28.603646003944768	24.519758142076256	27.547343954472556	25.84689130183306	31.370400933878575	27.625754344858198	25.11210301202272	26.692087629057514	25.39699810000348	26.98604716093884	24.66373548902212	25.298123485375132	24.547409677153663	22.353933445780182	24.83487237509595	23.740852296680305	27.770357621636492	24.188825691837533	23.43749889977881	23.57687426237968	24.765275000809062	26.215598294615738	0.0	24.55164639639223	25.71080553691617	23.424295992981612	27.121777962341703	23.697264844243367	26.04031533693785	27.393517789627705	25.700099537465825	25.345858112663652	26.196038230505295	23.685254941782457	23.47158752070425	23.472229794138343	23.283396152626587	23.076604842775946	25.208523267010264	29.486016021110544	24.39679638820223	25.39420781177527	26.088468329995578	25.000964103873773	27.024139998182005	25.145014145586565	23.979962167135493	26.480950034909405	25.77649131812207	24.26369969589512	25.205362759467967	25.379187416581686	25.285317412564886
Fun.2.P.C.K	24.284468856801766	24.909545820847868	26.300832774968022	30.009527061808722	20.575549447861118	28.278966015116662	21.04411628118574	24.296534023962995	27.54888065163662	24.42259037209569	25.877044043152356	23.636553702377576	25.195165741273122	28.269745558432124	26.047503625146078	28.26368535265961	21.95163314387182	27.76246823896842	23.973146521279613	28.231115199338134	23.655048338431023	27.174446055339295	22.681552930678954	29.861247649346247	23.174415720519146	22.522587350661485	23.21511873144633	22.01073442062721	24.389426675349732	23.081391195098437	18.173351012735328	25.111337145870337	20.940153604001196	20.866175243039105	20.51135375125439	22.195509575968018	23.50502179718512	22.927431794681002	22.277405032899974	25.241688364748793	22.455639594429613	24.55164639639223	0.0	24.572184024464867	25.755075922979632	26.936881072941674	24.84450115937891	23.129365481445717	23.872961680986737	22.688471215038405	22.342797932289674	21.882281549931257	20.760769492773385	21.809475365579242	20.296186306651496	19.694528944237412	21.90021681482306	20.105379129981348	28.626163894703687	21.687814417079537	21.66639316464915	19.90094827068573	20.19032549705013	21.597309074490287	20.163895813519506	19.12596354900658	20.393323399806683	19.56807585222544	20.58060278904632	21.18627920448719	20.484618297094485	20.71075012675122
Fun.2.P.C.L	24.618674966770115	23.684160930309027	27.104012039446918	29.235439597189327	22.12418929927405	27.903899927718598	23.903190429058466	25.53953083320554	27.075598054277123	23.708115903106936	25.37531022577581	25.191655344752558	27.886055898748953	28.45050470524117	28.096596531836234	27.698454301913813	24.888682247438048	27.469245308287523	25.574246431411098	27.31473853336112	25.190097087297012	26.839415660666113	24.917104313254477	29.1025395317797	27.505544457072013	24.774180919351785	25.504145636345836	25.528756340518598	25.98076509802251	26.0947074784413	25.834338752639848	24.35641545419758	24.290190830846768	24.016302060167	24.64964084538223	27.165756068454797	25.486232823672164	23.08345382242084	24.685437260130016	25.819637021778306	25.006267431283266	25.71080553691617	24.572184024464867	0.0	26.25859587049093	27.45905207209216	24.215879886842323	24.437831042513285	27.41890647090304	26.65768693824685	26.711807292483794	26.118639210199305	26.31245269288937	25.934833475401554	26.733773316809742	23.959437732383346	24.705146802278882	25.32156493963873	30.8497502643753	25.48059800808323	27.044417604133354	27.417005430037747	24.90035007060619	27.900131035805938	24.817928496187776	24.93431889197773	27.418459224031746	25.606140815447212	24.792555293792713	25.518424119714968	26.211915088260763	25.89047830752899
Fun.2.P.C.M	25.693224370492214	26.645204286901517	27.912417762213217	30.1587605124082	25.01007534851525	28.49155037422411	24.883345197996803	27.731328467881948	27.51930566139674	24.82462568065129	26.347582736919446	25.54159889028786	28.65533190200571	29.515840841032254	28.60638386845668	29.417944297621183	27.740055610559928	29.090753701319354	27.373449024185476	29.4030898856305	25.32139658678179	28.983575038200513	26.87119695450427	29.821147525907318	28.82704015524829	27.189932730877416	27.855322689501403	26.99882865992741	27.73747654341512	27.099383794150672	26.18405453638123	27.010132767606983	23.50550071694145	26.999062609079125	25.371671889393323	27.667604100334962	26.622532246366497	26.132433146243887	26.34573978790555	25.362847948066264	27.3145884233969	23.424295992981612	25.755075922979632	26.25859587049093	0.0	27.698070754588215	25.591904758353706	25.174890048733012	29.24113311331904	27.90514294436652	27.921466136719474	28.21610559968015	26.027082515011553	26.94219595527661	26.562494251680402	26.526246013418586	25.50658401209631	26.63834231547518	30.52260749673614	26.1257430858646	28.48593292817027	28.725548858962775	27.36024051367888	29.62793477995376	27.477623019326867	26.399408009998368	28.854182772664533	28.321232307164514	24.595597803455185	27.530718519987744	27.472432328117772	28.123148765508937
Fun.2.P.D.K	27.848870354810217	26.207585146043378	30.6212570065765	32.90892250354911	25.18436161598044	30.925312863101666	27.390192082284315	28.46430764067732	32.1578809548122	23.177194637548038	27.33716823348288	26.843575335324044	29.498545690785907	31.550981916754022	31.14502528118757	32.69812964212708	27.707523736994514	31.585165388280355	29.25165584192621	31.738994670658712	28.452440897883342	28.170230878071273	28.157118160966647	32.30242084418525	29.974703362265576	27.050530953186165	29.014600956014704	28.804080467064985	30.342455613191955	29.271181244455253	28.083129057994277	29.68783064183521	26.83723558481956	25.57575728307764	27.485274420801602	29.19921517832945	27.328704251334518	25.54878144115949	27.239386419488664	27.949975503031723	27.83528238130779	27.121777962341703	26.936881072941674	27.45905207209216	27.698070754588215	0.0	26.649847119820176	27.78210049847109	30.377723502469983	29.228515203610513	28.838933054518158	29.394161583008046	28.412167591385515	27.719502557623834	28.150338414890815	26.68775171481792	28.460402399631228	26.395128355689987	32.147794119023736	28.34029979471055	29.017724929012196	28.42382636120821	27.5384025712615	29.78738837352741	27.576032568633273	27.099204631623945	28.48448875556679	28.172502609464463	27.2579534720341	27.677230624809543	27.73169485518535	27.825426828687963
Fun.2.P.D.L	25.661547389190726	24.776655569749718	28.022580438359533	28.29514150190546	21.911517709589727	28.722401917667877	23.38286157500604	25.97746181130272	26.73216523052401	24.002969612372326	23.47247630630348	23.91011038388199	28.108890849065975	29.244923826678516	29.024326314649574	29.064540569235476	25.247826598493237	29.16236454202114	26.870621557513946	29.34813035164488	25.013731797071245	27.714123304258194	23.79597368879553	28.988714075382322	27.242296603937305	25.57325119989728	26.369992299362817	25.692773239568954	25.701435928282322	26.7788114343185	25.314461870945635	25.98847193031744	23.387099694383668	24.992219841139807	23.26535222140704	27.011807078533195	24.956442382794602	23.272193497605155	25.444781225396298	26.103394391442478	24.238708858321363	23.697264844243367	24.84450115937891	24.215879886842323	25.591904758353706	26.649847119820176	0.0	25.45234437694658	27.27790715277287	26.71966035523784	26.964313713706687	26.71027676139481	25.518956513047282	26.158431585300338	25.77176568207054	24.89849982232521	24.302467716583642	24.960988868491288	29.254613947175393	24.0208459603339	26.41349078319991	27.338638278099634	25.415314034347727	28.159034041217694	25.29505273344321	25.26345235732702	27.174269971167448	26.407216231151992	24.002711881744208	25.052444422523802	25.8166733993226	26.083519754499086
Fun.2.P.D.M	26.201748127162066	24.23520758509753	26.44806394870311	29.48387321283374	22.28045611061889	29.794441141950685	25.00678954829293	25.579989229166284	27.22626508764781	24.713772018965024	25.981093460170776	23.07560749511063	25.73318722060988	26.029646904184858	26.432515703868493	28.62288804971651	23.20895916145834	27.20653678786334	24.429891425157482	26.872634931685347	23.60257792960779	25.50351598273405	22.325762630262457	27.41917392762892	27.034550498763753	26.12697563589429	25.872744166540695	25.594521385198995	25.476419965980032	26.94021531819097	24.717016750437267	27.384504250991817	23.518383116187586	25.5167363178609	24.618210023502197	24.837438720167814	25.49331634473771	24.709612592882955	23.841785408310916	25.634758137425894	24.789625412896214	26.04031533693785	23.129365481445717	24.437831042513285	25.174890048733012	27.78210049847109	25.45234437694658	0.0	27.585491302912228	27.045685844081675	26.252966518232707	26.55985865320028	25.604626895940218	25.82450776482804	25.314764407489562	25.35783861225079	25.8026828503609	25.510118527211375	31.80501385495833	24.10032510376261	25.997056742646706	26.106521995984135	24.34457103137925	26.590857981620122	25.102562901605793	24.31701250231112	26.232384561001048	24.91288761466729	24.377483669607987	25.52204078998564	24.684956678908687	25.01724911571596
Fun.3.H.A.K	23.185631491631728	26.07559087801727	29.385434690650744	31.935968592089967	22.873795213352956	31.118854896748143	24.743528677870355	28.639631685925494	30.666914206771413	27.802569110332673	29.93622036388962	26.411020898362043	28.10725498433164	31.33883909168988	28.994482425151414	33.09307288023974	25.982855034759954	31.10634171423769	28.942203711416326	32.782143414367745	27.526999180590114	31.3904987842951	27.51796894466335	33.09540680246894	23.32440217915177	23.8651495927141	23.86229689459066	23.472377738506175	23.948999105570966	25.4544091839629	20.855659385886078	25.46875302861868	24.823060303032292	22.968445655737646	21.641788500130946	27.320341130236656	23.11045138447464	24.566216579287623	24.77101469192523	28.509464866867955	25.621208820273353	27.393517789627705	23.872961680986737	27.41890647090304	29.24113311331904	30.377723502469983	27.27790715277287	27.585491302912228	0.0	22.485483671962793	22.67957229453821	20.901107391193932	20.810756081724662	20.84743380824422	20.64047988681306	22.390738853530586	22.226140121549683	20.227196035078116	30.1054196266722	22.6283885940984	20.221541425014237	21.42363827868336	21.108454543509733	21.877056446740085	20.862108426111664	20.992024943080704	21.21617893361356	22.498951097079907	23.382905424896553	22.409010714813572	22.98876848588463	22.55320435421361
Fun.3.H.A.L	25.604555396024114	23.23167003922822	28.627875293066065	32.14242478892358	23.359822508099715	30.69704505025777	24.565042461582127	27.449890654445497	32.806127002884736	26.686209573836795	27.934522911631326	27.130633507287584	29.01946686832937	31.058403538719233	29.29276669908009	32.57430553806261	26.514991884772193	31.749239956462176	29.840149195837185	32.140866399679126	27.558409055592183	30.901289771727953	26.710143696413873	33.22093124232238	27.39457153266816	20.046675182459214	22.838347811584907	23.672972756448857	25.72718906193975	26.637750570816443	22.49779919386434	25.619786104675462	23.664164823063725	22.790034089791487	22.37777538812207	25.109924413376437	25.433115374137188	21.987566625226773	24.450398019519938	27.877476396826825	25.868522143224993	25.700099537465825	22.688471215038405	26.65768693824685	27.90514294436652	29.228515203610513	26.71966035523784	27.045685844081675	22.485483671962793	0.0	22.853606458520666	20.884059967185863	21.29158962882404	21.95926645051143	21.490937257882347	20.857261002225012	22.409934914397937	20.068450744384002	29.54838963725233	21.655137556355637	23.149393884684542	20.016035223615884	21.1921937136237	22.690523935164713	22.298707944200316	20.625863418658028	21.904293340946243	21.18897930228055	23.28563081447194	21.76984685360512	21.40633672610795	21.557793642183157
Fun.3.H.A.M	25.53297366749526	26.246660793664695	26.789546923544627	29.333183603077938	24.423262539804693	28.33800531538912	24.619384047478984	26.680199543103335	30.45632373086088	26.64374166279011	28.834572270341063	26.03219619244065	26.933549299037196	29.93491361334644	27.408069388880325	30.516415904518603	26.049574571353293	29.335899774179836	28.645985616731238	30.87621550963653	26.30343554606546	31.107073817477474	26.533510229313237	32.040659794298314	24.807505371332894	24.68704410249022	21.501301018737784	23.076581687607774	24.836067901343903	24.405370635200317	22.41048047427736	25.872494904627462	23.240576367282205	25.1368217457169	23.438576379787076	25.41384117136321	24.996757455541392	25.19457169216308	23.593626425692808	27.189272521373823	25.16383799748996	25.345858112663652	22.342797932289674	26.711807292483794	27.921466136719474	28.838933054518158	26.964313713706687	26.252966518232707	22.67957229453821	22.853606458520666	0.0	22.251534414980355	22.182362274052565	22.072007303756276	23.243094637509586	22.751000445450707	22.982497697669956	23.8812982640872	29.52409305644541	22.264970915360585	23.601154753283346	23.524546751219177	21.020651997260817	23.978802322264524	22.958136070330823	22.306041502962206	24.895368274593366	23.45979649463689	24.283076339823516	23.79048930102338	24.168286368656986	24.3740211048999
Fun.3.H.B.K	27.121883682002945	26.062213824618663	28.394136014031965	29.505144252916807	23.099652815387625	28.991298648038978	24.815944825480344	27.186977498980493	30.736332270793394	26.506931539708244	28.662980971575674	26.955391842427083	27.779418036735912	30.617730315488352	28.296137155780887	30.37628196214345	25.266974744275178	30.91347772285763	28.350821832763426	30.963376872916196	26.213656025564198	30.88729584882079	25.78210742710818	32.19777533502175	24.925648874435872	22.582716500332968	22.72492364025734	19.9010460696165	24.459364949034338	25.149073252507513	20.520411974420742	22.258218618519304	23.14119586868714	21.651037624934943	19.953818926195066	25.31591329882804	26.326172078662314	25.00880222528821	25.198780159689296	27.1077926691441	25.07734165960642	26.196038230505295	21.882281549931257	26.118639210199305	28.21610559968015	29.394161583008046	26.71027676139481	26.55985865320028	20.901107391193932	20.884059967185863	22.251534414980355	0.0	20.30625992724438	20.880939187935216	19.057751668213953	18.90776651479522	19.871640996462396	19.12805712646831	27.13748489091201	21.62697518579283	21.190075980229757	19.400740728199384	20.839518567429238	19.79166530784783	20.636828530506957	20.730403016475357	21.266306452262572	19.888164784421708	23.179737389514653	21.752522603754226	21.29807728567682	22.36680594635784
Fun.3.H.B.L	24.430419861963465	24.646087566560468	27.7030975764407	29.55154632737033	20.280707550877057	28.215839847197223	23.356561739599	25.927570198925665	28.164544580972073	25.64816631792426	26.97930973052709	24.6597589279105	26.544381654116943	29.646229547606215	28.074675914924285	30.26036444656127	23.89366670342075	30.8201747637664	26.205630345301884	31.00429829669461	26.229385094500834	30.08606046306097	25.539642816879947	31.312486075608046	23.89551147469932	22.097759340577003	23.018298018333205	22.18128734531231	21.565366841890803	24.65750344822135	18.866316907772344	22.858766046084988	21.11868532714513	22.47115353793691	19.81259568074883	24.639536143700212	23.525342575161645	23.626911644989658	24.078064531004294	25.994189782662286	23.193721636619188	23.685254941782457	20.760769492773385	26.31245269288937	26.027082515011553	28.412167591385515	25.518956513047282	25.604626895940218	20.810756081724662	21.29158962882404	22.182362274052565	20.30625992724438	0.0	21.829680356130915	19.159140344792505	20.60760171772917	20.7394014701927	20.17320979858105	27.191685766984346	21.351521681615502	21.462052141528925	20.597096077652118	21.92716271771011	22.569627076474998	19.719950515090453	21.51129284531487	21.830602903475548	21.805021223517205	22.4069667462177	21.793389637780166	22.805534371949527	22.72293607929596
Fun.3.H.B.M	24.577567615456534	25.268237984466392	28.692143961891954	32.99059058510348	22.582378136326163	28.985060831865134	23.789498432913255	26.386645206503985	30.718864335569027	25.257028900713976	29.068568460244844	26.974916068882447	26.82573756875863	30.837319224362812	28.21503881350273	31.71376496506122	24.55512513033016	28.66313437998019	28.52659499565223	30.66303536690347	25.314794228796988	29.946465587845147	25.479203916496697	33.3359384909048	25.931656713125673	22.647610577670246	23.577148754446597	22.188765141449696	25.014709104151667	21.667792407514437	20.69024677704942	24.73980946285746	22.215423408981554	20.800992618882713	20.430538192956796	24.80183579313431	24.07570151072817	24.17481395611856	23.159782680409126	26.61317561802916	25.147284641789838	23.47158752070425	21.809475365579242	25.934833475401554	26.94219595527661	27.719502557623834	26.158431585300338	25.82450776482804	20.84743380824422	21.95926645051143	22.072007303756276	20.880939187935216	21.829680356130915	0.0	18.012452703660486	18.43702460903194	19.834958490269972	18.41022630670074	29.854234914901582	20.361702573678357	20.42404066283731	19.962285972626603	17.704101059236258	19.547824726979876	19.85838116274385	17.442295598027993	20.000401291072205	19.587658510748938	21.43194498599343	20.587476393705852	18.989923957178863	19.493159372142326
Fun.3.H.C.K	25.064207566285308	26.644835900555403	28.046850814503994	32.31149220574087	21.795193458961016	28.50631033244972	22.227090683046978	26.381482517014526	30.475840330740976	25.307933626848534	28.47158958006814	25.745360487502154	27.187957322722244	30.399985489899393	28.04187956220844	31.557672507494665	24.02436831460261	29.547662326539875	27.32616313964011	31.34775434259193	25.07640084628267	30.548150478836504	24.702160233077613	32.86503221728242	24.702026724324764	23.076070733714662	23.36562675134637	20.9442826430074	23.00796466215464	23.49125281363131	16.234526124608248	23.28924913747007	21.750752764190377	20.992753432963053	18.39041024356565	23.760507796466076	24.85802898827768	25.061546861795108	23.370936469793836	26.305612704896234	24.047978525280744	23.472229794138343	20.296186306651496	26.733773316809742	26.562494251680402	28.150338414890815	25.77176568207054	25.314764407489562	20.64047988681306	21.490937257882347	23.243094637509586	19.057751668213953	19.159140344792505	18.012452703660486	0.0	18.388885444623423	19.12481497159996	16.44167213377818	27.551662743466533	19.54351179800534	19.740493493095876	18.97870982617485	19.65491038057869	18.390373316156403	18.987783361503993	18.234900451620465	17.488763181327325	18.552892915376614	21.87557307683588	19.384358434542108	19.581886819591183	18.794204135765124
Fun.3.H.C.L	25.60584114721688	24.576782738443182	27.086774007476972	30.29465436170791	21.696114468176567	28.718544667626993	22.609337255122007	23.41119612068727	30.048152993240045	24.003880463092553	26.753010974185386	25.335412749528196	27.250404208936587	30.334016295917255	28.11418658590261	29.892768400130123	23.754962457795305	29.63275915128704	28.287873137744427	28.476166510376885	25.401128018454447	27.77802612070704	23.84110457694866	32.33252089465235	25.969346607197046	21.879302108760978	23.84861858760605	20.497506155474454	24.592206290042473	23.974674242433185	19.6247018322889	20.04095829151858	21.401214334340228	19.32794557242093	20.103592832664393	23.65697212091278	24.338173386775566	23.09303329273429	23.473071455177898	24.643389040391607	24.350165251502556	23.283396152626587	19.694528944237412	23.959437732383346	26.526246013418586	26.68775171481792	24.89849982232521	25.35783861225079	22.390738853530586	20.857261002225012	22.751000445450707	18.90776651479522	20.60760171772917	18.43702460903194	18.388885444623423	0.0	18.06718866106642	17.622373235152832	26.90209950670152	19.696935452244215	21.029267199953676	19.984329200614045	20.021146580749956	20.227303054807685	19.94535832381247	18.98228900411127	20.69271682136233	18.39365882968929	21.919687514061224	18.48038281008773	19.663739813842895	20.111436571845307
Fun.3.H.C.M	25.869220692849456	25.26299554875785	27.390320866856197	30.064980354999456	21.815472749300593	28.514499569979165	22.721085785408224	25.440758313191548	28.177959687057072	25.140621865294527	25.291774536382945	25.868722160204566	27.66584793409453	29.536694351711162	28.959602856526786	29.723258995419908	25.45386236119966	29.420613049669697	27.25419143527682	29.853937495004406	24.830195985795992	28.91134128297722	24.685047689960836	30.947342987514265	26.24266681751129	23.420956819482964	23.83674160689453	20.864170626472305	24.75168666966581	23.673748667740636	20.815606299419247	19.791773374632893	20.49349511676512	21.452738271163152	19.22916625988856	24.605331466841108	24.58528109659252	24.497792374409944	24.697756670576055	26.06410639529384	25.771006314980664	23.076604842775946	21.90021681482306	24.705146802278882	25.50658401209631	28.460402399631228	24.302467716583642	25.8026828503609	22.226140121549683	22.409934914397937	22.982497697669956	19.871640996462396	20.7394014701927	19.834958490269972	19.12481497159996	18.06718866106642	0.0	18.69830057466281	25.96462481144298	19.962314971070924	22.549730007101672	21.728411097775304	20.897678327956807	22.543712519497433	21.405532019088135	19.967102709034233	21.46928881332515	20.862647680267767	21.2458595746937	20.968431204882574	21.974795885076727	22.222437000733507
Fun.3.H.D.K	25.616358156353527	24.473742043625542	28.971495641717176	32.40441077817777	21.57765828266882	29.455901548502794	23.228069269061585	25.686128634681424	30.574810079582335	23.186967380066307	26.323117723750038	24.871157264024614	27.17656050501467	31.43516587265079	28.91051559212756	31.83792922352241	23.92747234396598	29.868128386348488	27.305155196038402	30.56765225327856	25.549941142841668	28.52819128775252	24.36022684486639	32.852573539753614	25.436914774869148	21.741003513897834	24.470271386382638	20.676902882849436	24.536174339483118	25.234231079694933	18.125426759678614	22.29927546570156	21.526526195520276	17.485960892602275	18.51123604332243	23.631482831736115	24.25081933526568	24.07157329464545	24.548751777537625	26.045211432689044	24.44731373017685	25.208523267010264	20.105379129981348	25.32156493963873	26.63834231547518	26.395128355689987	24.960988868491288	25.510118527211375	20.227196035078116	20.068450744384002	23.8812982640872	19.12805712646831	20.17320979858105	18.41022630670074	16.44167213377818	17.622373235152832	18.69830057466281	0.0	28.591100408801854	18.604932676838423	19.410496968749385	18.562128542749964	19.775754643948872	18.289846729621985	19.32925396102202	17.747973371136347	17.43085587725569	17.98151404351452	20.322685502500658	17.080035790064585	17.403361930727726	18.048326860405844
Fun.3.H.D.L	31.829002946304467	31.96571454626678	32.9483679735908	31.981444422196642	28.91370217414602	32.117681339847024	27.622981371029503	29.900997176411373	31.529239922124432	31.613625066264273	30.86716091415013	30.421871399340823	33.94999215942898	35.07104632415711	33.84162237291923	34.064709215512124	32.35336964881314	34.98439815200777	32.66073044848605	35.53893903406212	30.389183416547603	34.88706298446346	32.011544023800504	34.7383017594936	30.737083801607803	29.68091313206296	28.66394237895614	27.758677714166698	29.860450861460095	30.34799706416054	27.00922407638003	27.517259138592415	27.189705898417863	29.717011622982977	27.08482393922482	31.45119816931982	31.26366392410446	31.388110663585994	31.154781409684542	31.067240396967858	30.830941052863594	29.486016021110544	28.626163894703687	30.8497502643753	30.52260749673614	32.147794119023736	29.254613947175393	31.80501385495833	30.1054196266722	29.54838963725233	29.52409305644541	27.13748489091201	27.191685766984346	29.854234914901582	27.551662743466533	26.90209950670152	25.96462481144298	28.591100408801854	0.0	28.370142319619305	31.41882871728434	31.0969099511662	30.27130850223243	32.588310331559846	29.949582892640198	29.80960720409732	32.0555521520681	31.063317138374835	30.28874668293888	30.075372649767978	31.91040611694349	31.952318537378
Fun.3.H.D.M	25.15614556894188	25.098723739501704	27.283949792982853	31.076570862463477	22.311783511755525	28.95576892436217	24.173474204137293	26.03250729145898	29.17590246981434	24.439677798710413	26.85657854175186	24.357522711397177	26.872279418743968	29.849859357831463	27.978734879665662	30.51982024615559	24.515315658042447	30.165374885057528	27.063167189693026	29.79374997162818	25.56355673785438	29.437673761485875	23.279835278903278	30.84704072743972	25.278289444120162	23.03037240637954	23.263971842695668	21.424741242212765	23.463056168028785	24.307942477846577	19.678489296555146	23.053053441956482	20.790828929508525	22.377467293024942	21.17028717897109	22.80663902748025	24.00530468489793	24.308740251775188	23.655184361254374	25.352520506501317	24.50944621392825	24.39679638820223	21.687814417079537	25.48059800808323	26.1257430858646	28.34029979471055	24.0208459603339	24.10032510376261	22.6283885940984	21.655137556355637	22.264970915360585	21.62697518579283	21.351521681615502	20.361702573678357	19.54351179800534	19.696935452244215	19.962314971070924	18.604932676838423	28.370142319619305	0.0	21.961966370146133	22.242149006564578	20.280764322725116	22.127012778889267	20.8847813044189	19.862343929355593	21.512580030170795	21.42431684915432	21.438239217099074	20.29558456887676	20.522863961040166	20.041645082177364
Fun.3.P.A.K	25.074051795566312	26.18453376689584	28.940040474626738	33.40465320468928	22.142596730777726	30.685471654333966	24.379310941140933	27.690718071941404	31.109770623964117	26.526217358152525	29.26678425063006	26.805180830783183	25.89342803855757	30.54634768338912	28.44428898298203	32.43389139200035	24.389529026451946	30.00732155837229	27.832924619359076	32.35083157001409	26.893412402291837	31.279635766656636	24.75724127222339	33.80396213598437	23.964595440467253	23.35272664543957	24.052337873865607	23.322176529189335	24.6941408882326	26.078711705786187	20.046473434115736	25.432039271036746	23.244906602686548	21.51829499775093	20.651052993453007	25.55491042031795	23.520633052286765	25.194416907838647	24.85717289032785	28.22097982345898	24.637687072923505	25.39420781177527	21.66639316464915	27.044417604133354	28.48593292817027	29.017724929012196	26.41349078319991	25.997056742646706	20.221541425014237	23.149393884684542	23.601154753283346	21.190075980229757	21.462052141528925	20.42404066283731	19.740493493095876	21.029267199953676	22.549730007101672	19.410496968749385	31.41882871728434	21.961966370146133	0.0	16.29113384020416	18.637850110083647	16.975524089163347	17.55259892246563	17.26548555365297	17.851648862387687	17.682725277909288	20.95310289515786	18.97216836138019	17.726874752346777	17.669447200418823
Fun.3.P.A.L	26.740311866536032	25.00911439202535	28.777689482949356	33.31635840071258	22.222204958853855	31.149777194221063	25.35106510130889	26.761578412522702	31.90561802481271	26.243928563835325	28.830450683212938	27.378449367151955	25.89105085353889	30.37580661246398	27.529237583505985	31.928382485576137	23.519993783090403	30.54071691336552	27.618127500846605	32.375799374503636	26.18203487976909	30.083285325114367	24.317511383479655	34.03434292651298	24.86840574015141	21.86082894560745	24.292244380445965	22.959120322972616	26.332027532883703	26.42022721545045	20.18296929202925	25.995563870044343	22.987164540979965	19.65907666022205	20.15435828879247	23.57231173175845	24.303403317531334	23.62070531231978	24.632010347673965	28.565741805406716	25.168251327076668	26.088468329995578	19.90094827068573	27.417005430037747	28.725548858962775	28.42382636120821	27.338638278099634	26.106521995984135	21.42363827868336	20.016035223615884	23.524546751219177	19.400740728199384	20.597096077652118	19.962285972626603	18.97870982617485	19.984329200614045	21.728411097775304	18.562128542749964	31.0969099511662	22.242149006564578	16.29113384020416	0.0	17.275712527168025	12.851494520177626	16.201576287337925	15.805086074852305	14.907514098230573	11.766154963343537	20.404087432240942	18.248897170615905	14.565309108061497	15.172201361292199
Fun.3.P.A.M	24.132496464726824	24.32850781639418	26.937015196023058	32.04850258422173	21.801108371306515	28.503853245695794	23.133282879432727	25.860835162313595	29.938488062463954	25.91107056285576	28.101304427925317	25.061900953442628	25.071262050755745	28.442866266625533	26.164582391409148	30.21494314977683	22.83325615323146	27.327245087978678	26.564099784231303	29.862287578293873	25.008138695419483	28.623994454631767	23.258868131063796	32.011725705692434	24.897233656484637	21.92443282998799	21.512685246666667	22.095882907127308	23.5066545308143	21.834803993595198	20.118718388453726	25.30449421003243	21.698442876475106	20.579038723397115	20.845764580431847	21.741916658027378	23.015766760505095	23.16930962572559	21.422576000367687	26.583449911640212	23.60523744566946	25.000964103873773	20.19032549705013	24.90035007060619	27.36024051367888	27.5384025712615	25.415314034347727	24.34457103137925	21.108454543509733	21.1921937136237	21.020651997260817	20.839518567429238	21.92716271771011	17.704101059236258	19.65491038057869	20.021146580749956	20.897678327956807	19.775754643948872	30.27130850223243	20.280764322725116	18.637850110083647	17.275712527168025	0.0	17.667805198209717	16.75987510997717	16.055813150763154	18.54877164697106	16.92076024667776	18.413368112530996	20.068723559454263	17.078441993362205	16.68790748758882
Fun.3.P.B.K	27.60758417964306	27.196524339128782	30.91932244323309	34.46155331622365	23.243433180208637	32.53369081022033	25.96148813114828	28.086074674304374	32.84942912757037	26.64921252792929	30.061328467493734	28.248606093155335	27.416172425637917	32.49002779287408	29.94505484337075	32.747082311643254	24.470504063849443	31.394933518643015	28.622152641333123	32.514029438182426	27.309104162379874	31.2241478794926	24.54396663600619	35.34118962963502	26.495397123682153	24.477568406364995	26.867797694328157	22.911188576447113	27.224680112477053	26.928729943024745	20.81963122320697	26.191327532421358	25.303118823694525	20.334658353786214	19.789073057348176	25.483736180476576	25.951995179449817	25.490983517578197	25.595282036903413	29.292369335704365	26.45785729436759	27.024139998182005	21.597309074490287	27.900131035805938	29.62793477995376	29.78738837352741	28.159034041217694	26.590857981620122	21.877056446740085	22.690523935164713	23.978802322264524	19.79166530784783	22.569627076474998	19.547824726979876	18.390373316156403	20.227303054807685	22.543712519497433	18.289846729621985	32.588310331559846	22.127012778889267	16.975524089163347	12.851494520177626	17.667805198209717	0.0	17.18921660943459	15.78195245607376	14.398017936488879	12.94786583581135	20.954593950554322	17.18929980013465	13.4168095769488	13.48571271697174
Fun.3.P.B.L	24.227293095665164	24.521652981292686	28.492644875608537	32.31963664366954	19.496982703046704	29.516353666047024	23.17960862044788	26.60097288385692	30.048649845883034	25.531034078743307	27.946320657089206	25.39770454455259	25.027910404570378	30.13096565396706	27.95447073313115	30.522895328146657	22.19116485562873	29.322104138673694	25.902333874574516	31.273361391029113	25.452873139320996	29.739138665871636	24.218776952670133	32.01568833222708	24.243873235595775	22.33208278405017	24.04196581261817	22.55007678298224	23.052879972383156	24.61769290227584	19.23280921466075	24.670397777776667	21.740316639728167	20.124331300369782	18.460062838037672	22.882863979648018	22.785861136040612	23.505718196223782	24.17904355973224	27.28761123405358	22.077580299078654	25.145014145586565	20.163895813519506	24.817928496187776	27.477623019326867	27.576032568633273	25.29505273344321	25.102562901605793	20.862108426111664	22.298707944200316	22.958136070330823	20.636828530506957	19.719950515090453	19.85838116274385	18.987783361503993	19.94535832381247	21.405532019088135	19.32925396102202	29.949582892640198	20.8847813044189	17.55259892246563	16.201576287337925	16.75987510997717	17.18921660943459	0.0	16.113489700771733	16.825057352040595	15.93225553855065	19.43937931215122	18.74393332588122	16.580351322314407	16.671608364334087
Fun.3.P.B.M	23.6369412731266	24.350456383131192	28.147241458510514	32.62636918740277	21.085639032394173	29.480656917680317	22.53909982707602	26.250150816262483	29.800750130520825	24.649202403005877	27.2871034116111	25.610556927852702	24.665356058429737	30.171170959629066	27.796781142438917	30.741610693414824	22.478232713849692	28.148661208968296	26.346825788072096	29.933633550731283	24.56818562311424	28.693351560567702	22.567190731071285	32.537181303905356	25.203849624521894	22.049273622640982	23.732559591583158	22.573686666232685	25.312995679970793	23.11582967785685	18.9170027001068	24.50284519255848	21.63743393887884	19.733866875533185	20.11592697318806	23.244544984714675	22.568279173897384	22.406014363741495	22.619080436401582	26.52601089397863	23.729478781167845	23.979962167135493	19.12596354900658	24.93431889197773	26.399408009998368	27.099204631623945	25.26345235732702	24.31701250231112	20.992024943080704	20.625863418658028	22.306041502962206	20.730403016475357	21.51129284531487	17.442295598027993	18.234900451620465	18.98228900411127	19.967102709034233	17.747973371136347	29.80960720409732	19.862343929355593	17.26548555365297	15.805086074852305	16.055813150763154	15.78195245607376	16.113489700771733	0.0	15.600669491190693	15.117119676100721	18.701717962736723	17.18730577879853	14.894631165881638	14.366941430068554
Fun.3.P.C.K	26.642940879855608	25.833318357759964	29.964962096147303	34.68153374545606	22.08059967025433	32.44613312616185	24.5235961389407	27.7682614223732	32.24699893783115	26.198395986547673	28.620166702772742	27.706024445571387	27.401670673873397	31.846621466530554	29.464515255221226	33.05692708290108	24.055091964458732	31.50529689788184	27.858019075012212	31.65331368254171	26.478186042569966	30.724258129858118	24.290899463686728	34.611817829777245	27.31358288599639	23.661520315133536	26.23524005401314	24.05244225300876	26.962251125559767	26.91937132005418	19.920699910176545	26.419880882444396	23.71995908492732	20.522451907326573	20.661588343571136	24.81205142982366	24.582491874559192	24.505068387059236	25.111871556290733	28.50920457859998	25.415233231930685	26.480950034909405	20.393323399806683	27.418459224031746	28.854182772664533	28.48448875556679	27.174269971167448	26.232384561001048	21.21617893361356	21.904293340946243	24.895368274593366	21.266306452262572	21.830602903475548	20.000401291072205	17.488763181327325	20.69271682136233	21.46928881332515	17.43085587725569	32.0555521520681	21.512580030170795	17.851648862387687	14.907514098230573	18.54877164697106	14.398017936488879	16.825057352040595	15.600669491190693	0.0	15.28715023080292	20.127884332756587	18.454797031092056	14.975112746331883	13.209139345827726
Fun.3.P.C.L	26.842161519392093	25.740921500209197	29.5131160091736	32.82940335201375	21.950052271311456	30.775473084013626	24.723357835004585	26.232014694409962	31.339248480113064	25.571789649931667	28.252297849788143	27.28779802375199	26.017677820874592	30.705175921590364	28.133914221533203	31.24824957004211	23.242711919790036	30.558565562287317	27.123585380985595	31.246138007248554	25.831514571151104	29.849303427013997	22.905713729769783	33.359778027153695	25.55777302599786	23.320560550372587	25.264922206800296	22.57495259947881	25.826171462271613	25.806746472506386	20.39288928413099	24.335844202608126	22.875092966600853	18.918397885221935	19.09647104697369	22.982102727653782	24.6872154321954	24.403425966560043	24.544203473253464	27.654949088560436	24.679977780658074	25.77649131812207	19.56807585222544	25.606140815447212	28.321232307164514	28.172502609464463	26.407216231151992	24.91288761466729	22.498951097079907	21.18897930228055	23.45979649463689	19.888164784421708	21.805021223517205	19.587658510748938	18.552892915376614	18.39365882968929	20.862647680267767	17.98151404351452	31.063317138374835	21.42431684915432	17.682725277909288	11.766154963343537	16.92076024667776	12.94786583581135	15.93225553855065	15.117119676100721	15.28715023080292	0.0	19.209488881935172	17.053233839518697	12.953747807204191	13.972197898600605
Fun.3.P.C.M	23.77929407476151	24.676168592385196	27.071780870917475	30.87182158903195	21.53473398471393	27.665607571090135	23.178554725654006	25.13719549480041	27.18828888532767	24.976294059941186	26.001476796762557	23.936354592930332	24.77129594934032	28.26267430641645	26.073799268826825	29.29848451246801	23.5733519676466	27.507488654232123	25.284572411326405	29.042187988378878	23.08620038662567	26.941237039875585	22.840693004302487	30.575940442384766	25.801910203166848	24.03852903064112	24.450124933260387	23.57325175973723	24.68628482017319	22.717685599576416	20.55250251314423	25.889038993968345	20.727469066220987	21.35285881546934	20.106371617502486	22.503524610994514	23.8415620247156	23.85313442862549	23.2451111501263	25.924089285716956	24.03481204303867	24.26369969589512	20.58060278904632	24.792555293792713	24.595597803455185	27.2579534720341	24.002711881744208	24.377483669607987	23.382905424896553	23.28563081447194	24.283076339823516	23.179737389514653	22.4069667462177	21.43194498599343	21.87557307683588	21.919687514061224	21.2458595746937	20.322685502500658	30.28874668293888	21.438239217099074	20.95310289515786	20.404087432240942	18.413368112530996	20.954593950554322	19.43937931215122	18.701717962736723	20.127884332756587	19.209488881935172	0.0	20.659010039706924	18.725978423431243	19.217917021871138
Fun.3.P.D.K	26.272212895016114	25.891331538464943	29.67555295794632	32.80165992832778	21.893281308964102	30.940338387921003	23.9138784762981	25.914282373751934	30.834959881527688	24.121994137959355	26.918190218261206	26.61184012702123	26.91047660981145	31.83913171758887	29.845249000508968	32.067032111099515	24.450775008840292	31.357297295184225	27.683008013003597	30.988899607905463	26.588275464067443	29.138441089754046	23.335283697457	33.244807286510365	25.53585156582819	22.82423611413933	25.339693054906995	21.67111939624775	24.94273900234149	26.364002295353956	20.620688963002927	22.70431014172131	22.959427169198836	18.48675191597236	19.851323207980247	24.70484465495245	24.761741264673564	24.777499245083966	25.251687838337105	27.076237228449546	25.25566127917412	25.205362759467967	21.18627920448719	25.518424119714968	27.530718519987744	27.677230624809543	25.052444422523802	25.52204078998564	22.409010714813572	21.76984685360512	23.79048930102338	21.752522603754226	21.793389637780166	20.587476393705852	19.384358434542108	18.48038281008773	20.968431204882574	17.080035790064585	30.075372649767978	20.29558456887676	18.97216836138019	18.248897170615905	20.068723559454263	17.18929980013465	18.74393332588122	17.18730577879853	18.454797031092056	17.053233839518697	20.659010039706924	0.0	16.681352983405283	16.79223113517749
Fun.3.P.D.L	26.34004576481377	25.122775777027538	29.476846802283255	33.98064156412225	21.822037305740004	31.503371377740347	24.502275842877385	27.01827583359931	31.486660218275233	25.079725767332526	27.822521710325915	25.857030848931355	24.785114030291794	30.903075227591216	27.837261298854894	31.603246762034626	23.496566076543775	30.35341390717276	26.802535801506174	30.763023428887667	24.98054739471604	29.012727550305776	22.17884779234179	32.590709890702215	26.63892638555038	22.66557433597296	26.270734472432896	23.29859537166023	25.985896832893282	26.104423823809864	19.94163366041079	25.836754187880068	22.862412177726277	19.369145657483216	18.79309985417269	22.442943206180097	24.368570007549526	23.69782009667378	24.809715893925244	27.496617734233503	24.240048121241102	25.379187416581686	20.484618297094485	26.211915088260763	27.472432328117772	27.73169485518535	25.8166733993226	24.684956678908687	22.98876848588463	21.40633672610795	24.168286368656986	21.29807728567682	22.805534371949527	18.989923957178863	19.581886819591183	19.663739813842895	21.974795885076727	17.403361930727726	31.91040611694349	20.522863961040166	17.726874752346777	14.565309108061497	17.078441993362205	13.4168095769488	16.580351322314407	14.894631165881638	14.975112746331883	12.953747807204191	18.725978423431243	16.681352983405283	0.0	12.753846444264871
Fun.3.P.D.M	26.42365721213148	25.216985316666303	29.962504564335713	34.034434203341085	22.333741505041058	31.59850456889621	24.542021316130707	27.068739021215407	31.44045261210806	24.95227363037694	27.686042113850018	27.40446802141399	26.755470811693517	31.51401159704463	29.20759383662939	32.755094201339475	23.679050867051973	30.861532861857786	27.66475819626916	31.37926757006002	26.32053031573055	30.026119834593587	23.241495725175312	33.58312877940724	26.7999057718632	23.003186011362892	25.537277968041007	24.25535167010888	26.013543620085724	26.78521318381506	20.42619068216404	25.661979092620808	23.475608454578744	20.02197082005779	21.125318123501412	22.433338537109275	24.462827714000166	23.47154911309924	24.961488580295768	27.830186979416283	25.088898433224536	25.285317412564886	20.71075012675122	25.89047830752899	28.123148765508937	27.825426828687963	26.083519754499086	25.01724911571596	22.55320435421361	21.557793642183157	24.3740211048999	22.36680594635784	22.72293607929596	19.493159372142326	18.794204135765124	20.111436571845307	22.222437000733507	18.048326860405844	31.952318537378	20.041645082177364	17.669447200418823	15.172201361292199	16.68790748758882	13.48571271697174	16.671608364334087	14.366941430068554	13.209139345827726	13.972197898600605	19.217917021871138	16.79223113517749	12.753846444264871	0.0
